п»ї--
-- PostgreSQL database dump
--

\restrict sprhy3idK2VRk0ETq6hW299TFw6O7LihZCIraMdJLOVOO8kqfSIbSq3KpYMHVpk

-- Dumped from database version 16.13
-- Dumped by pg_dump version 16.13

SET statement_timeout = 0;
SET lock_timeout = 0;
SET idle_in_transaction_session_timeout = 0;
SET client_encoding = 'UTF8';
SET standard_conforming_strings = on;
SELECT pg_catalog.set_config('search_path', '', false);
SET check_function_bodies = false;
SET xmloption = content;
SET client_min_messages = warning;
SET row_security = off;

--
-- Name: EntryCategory; Type: TYPE; Schema: public; Owner: sude
--

CREATE TYPE public."EntryCategory" AS ENUM (
    'CONTACT_INFO',
    'EXPERIENCE',
    'EDUCATION',
    'SKILL',
    'PROJECT',
    'LANGUAGE',
    'CERTIFICATE',
    'OTHER'
);


ALTER TYPE public."EntryCategory" OWNER TO sude;

--
-- Name: JobStatus; Type: TYPE; Schema: public; Owner: sude
--

CREATE TYPE public."JobStatus" AS ENUM (
    'PENDING',
    'PROCESSING',
    'COMPLETED',
    'FAILED'
);


ALTER TYPE public."JobStatus" OWNER TO sude;

SET default_tablespace = '';

SET default_table_access_method = heap;

--
-- Name: AtsFormattedCV; Type: TABLE; Schema: public; Owner: sude
--

CREATE TABLE public."AtsFormattedCV" (
    id integer NOT NULL,
    "cvId" integer NOT NULL,
    "fileId" text,
    content jsonb,
    "createdAt" timestamp(3) without time zone DEFAULT CURRENT_TIMESTAMP NOT NULL,
    "updatedAt" timestamp(3) without time zone NOT NULL
);


ALTER TABLE public."AtsFormattedCV" OWNER TO sude;

--
-- Name: AtsFormattedCV_id_seq; Type: SEQUENCE; Schema: public; Owner: sude
--

CREATE SEQUENCE public."AtsFormattedCV_id_seq"
    AS integer
    START WITH 1
    INCREMENT BY 1
    NO MINVALUE
    NO MAXVALUE
    CACHE 1;


ALTER SEQUENCE public."AtsFormattedCV_id_seq" OWNER TO sude;

--
-- Name: AtsFormattedCV_id_seq; Type: SEQUENCE OWNED BY; Schema: public; Owner: sude
--

ALTER SEQUENCE public."AtsFormattedCV_id_seq" OWNED BY public."AtsFormattedCV".id;


--
-- Name: Block; Type: TABLE; Schema: public; Owner: sude
--

CREATE TABLE public."Block" (
    id integer NOT NULL,
    "blockerId" integer NOT NULL,
    "blockedId" integer NOT NULL,
    "createdAt" timestamp(3) without time zone DEFAULT CURRENT_TIMESTAMP NOT NULL
);


ALTER TABLE public."Block" OWNER TO sude;

--
-- Name: Block_id_seq; Type: SEQUENCE; Schema: public; Owner: sude
--

CREATE SEQUENCE public."Block_id_seq"
    AS integer
    START WITH 1
    INCREMENT BY 1
    NO MINVALUE
    NO MAXVALUE
    CACHE 1;


ALTER SEQUENCE public."Block_id_seq" OWNER TO sude;

--
-- Name: Block_id_seq; Type: SEQUENCE OWNED BY; Schema: public; Owner: sude
--

ALTER SEQUENCE public."Block_id_seq" OWNED BY public."Block".id;


--
-- Name: CV; Type: TABLE; Schema: public; Owner: sude
--

CREATE TABLE public."CV" (
    id integer NOT NULL,
    "fileName" text NOT NULL,
    "fileId" text NOT NULL,
    "fileSize" integer NOT NULL,
    "mimeType" text NOT NULL,
    "isActive" boolean DEFAULT false NOT NULL,
    "userId" integer NOT NULL,
    "createdAt" timestamp(3) without time zone DEFAULT CURRENT_TIMESTAMP NOT NULL,
    "updatedAt" timestamp(3) without time zone NOT NULL,
    "rawText" text,
    status public."JobStatus" DEFAULT 'PENDING'::public."JobStatus" NOT NULL,
    summary text,
    "atsFormatFeedback" text,
    "atsFormatScore" integer
);


ALTER TABLE public."CV" OWNER TO sude;

--
-- Name: CVEntry; Type: TABLE; Schema: public; Owner: sude
--

CREATE TABLE public."CVEntry" (
    id integer NOT NULL,
    "cvId" integer NOT NULL,
    category public."EntryCategory" NOT NULL,
    title text NOT NULL,
    subtitle text,
    "startDate" text,
    "endDate" text,
    description text,
    metadata jsonb,
    "createdAt" timestamp(3) without time zone DEFAULT CURRENT_TIMESTAMP NOT NULL
);


ALTER TABLE public."CVEntry" OWNER TO sude;

--
-- Name: CVEntry_id_seq; Type: SEQUENCE; Schema: public; Owner: sude
--

CREATE SEQUENCE public."CVEntry_id_seq"
    AS integer
    START WITH 1
    INCREMENT BY 1
    NO MINVALUE
    NO MAXVALUE
    CACHE 1;


ALTER SEQUENCE public."CVEntry_id_seq" OWNER TO sude;

--
-- Name: CVEntry_id_seq; Type: SEQUENCE OWNED BY; Schema: public; Owner: sude
--

ALTER SEQUENCE public."CVEntry_id_seq" OWNED BY public."CVEntry".id;


--
-- Name: CV_id_seq; Type: SEQUENCE; Schema: public; Owner: sude
--

CREATE SEQUENCE public."CV_id_seq"
    AS integer
    START WITH 1
    INCREMENT BY 1
    NO MINVALUE
    NO MAXVALUE
    CACHE 1;


ALTER SEQUENCE public."CV_id_seq" OWNER TO sude;

--
-- Name: CV_id_seq; Type: SEQUENCE OWNED BY; Schema: public; Owner: sude
--

ALTER SEQUENCE public."CV_id_seq" OWNED BY public."CV".id;


--
-- Name: Connection; Type: TABLE; Schema: public; Owner: sude
--

CREATE TABLE public."Connection" (
    id integer NOT NULL,
    "senderId" integer NOT NULL,
    "receiverId" integer NOT NULL,
    status text DEFAULT 'PENDING'::text NOT NULL,
    "createdAt" timestamp(3) without time zone DEFAULT CURRENT_TIMESTAMP NOT NULL
);


ALTER TABLE public."Connection" OWNER TO sude;

--
-- Name: Connection_id_seq; Type: SEQUENCE; Schema: public; Owner: sude
--

CREATE SEQUENCE public."Connection_id_seq"
    AS integer
    START WITH 1
    INCREMENT BY 1
    NO MINVALUE
    NO MAXVALUE
    CACHE 1;


ALTER SEQUENCE public."Connection_id_seq" OWNER TO sude;

--
-- Name: Connection_id_seq; Type: SEQUENCE OWNED BY; Schema: public; Owner: sude
--

ALTER SEQUENCE public."Connection_id_seq" OWNED BY public."Connection".id;


--
-- Name: JobPosting; Type: TABLE; Schema: public; Owner: sude
--

CREATE TABLE public."JobPosting" (
    id integer NOT NULL,
    title text NOT NULL,
    company text,
    description text NOT NULL,
    url text,
    "extractedSkills" jsonb,
    "createdAt" timestamp(3) without time zone DEFAULT CURRENT_TIMESTAMP NOT NULL,
    "updatedAt" timestamp(3) without time zone NOT NULL
);


ALTER TABLE public."JobPosting" OWNER TO sude;

--
-- Name: JobPosting_id_seq; Type: SEQUENCE; Schema: public; Owner: sude
--

CREATE SEQUENCE public."JobPosting_id_seq"
    AS integer
    START WITH 1
    INCREMENT BY 1
    NO MINVALUE
    NO MAXVALUE
    CACHE 1;


ALTER SEQUENCE public."JobPosting_id_seq" OWNER TO sude;

--
-- Name: JobPosting_id_seq; Type: SEQUENCE OWNED BY; Schema: public; Owner: sude
--

ALTER SEQUENCE public."JobPosting_id_seq" OWNED BY public."JobPosting".id;


--
-- Name: Post; Type: TABLE; Schema: public; Owner: sude
--

CREATE TABLE public."Post" (
    id integer NOT NULL,
    content text,
    "authorId" integer NOT NULL,
    "createdAt" timestamp(3) without time zone DEFAULT CURRENT_TIMESTAMP NOT NULL
);


ALTER TABLE public."Post" OWNER TO sude;

--
-- Name: PostImage; Type: TABLE; Schema: public; Owner: sude
--

CREATE TABLE public."PostImage" (
    id integer NOT NULL,
    url text NOT NULL,
    "fileId" text NOT NULL,
    "postId" integer NOT NULL,
    "createdAt" timestamp(3) without time zone DEFAULT CURRENT_TIMESTAMP NOT NULL
);


ALTER TABLE public."PostImage" OWNER TO sude;

--
-- Name: PostImage_id_seq; Type: SEQUENCE; Schema: public; Owner: sude
--

CREATE SEQUENCE public."PostImage_id_seq"
    AS integer
    START WITH 1
    INCREMENT BY 1
    NO MINVALUE
    NO MAXVALUE
    CACHE 1;


ALTER SEQUENCE public."PostImage_id_seq" OWNER TO sude;

--
-- Name: PostImage_id_seq; Type: SEQUENCE OWNED BY; Schema: public; Owner: sude
--

ALTER SEQUENCE public."PostImage_id_seq" OWNED BY public."PostImage".id;


--
-- Name: Post_id_seq; Type: SEQUENCE; Schema: public; Owner: sude
--

CREATE SEQUENCE public."Post_id_seq"
    AS integer
    START WITH 1
    INCREMENT BY 1
    NO MINVALUE
    NO MAXVALUE
    CACHE 1;


ALTER SEQUENCE public."Post_id_seq" OWNER TO sude;

--
-- Name: Post_id_seq; Type: SEQUENCE OWNED BY; Schema: public; Owner: sude
--

ALTER SEQUENCE public."Post_id_seq" OWNED BY public."Post".id;


--
-- Name: Profile; Type: TABLE; Schema: public; Owner: sude
--

CREATE TABLE public."Profile" (
    id integer NOT NULL,
    bio text,
    phone text,
    "userId" integer NOT NULL
);


ALTER TABLE public."Profile" OWNER TO sude;

--
-- Name: ProfileImage; Type: TABLE; Schema: public; Owner: sude
--

CREATE TABLE public."ProfileImage" (
    id integer NOT NULL,
    url text NOT NULL,
    "fileId" text NOT NULL,
    "userId" integer NOT NULL,
    "createdAt" timestamp(3) without time zone DEFAULT CURRENT_TIMESTAMP NOT NULL,
    "updatedAt" timestamp(3) without time zone NOT NULL
);


ALTER TABLE public."ProfileImage" OWNER TO sude;

--
-- Name: ProfileImage_id_seq; Type: SEQUENCE; Schema: public; Owner: sude
--

CREATE SEQUENCE public."ProfileImage_id_seq"
    AS integer
    START WITH 1
    INCREMENT BY 1
    NO MINVALUE
    NO MAXVALUE
    CACHE 1;


ALTER SEQUENCE public."ProfileImage_id_seq" OWNER TO sude;

--
-- Name: ProfileImage_id_seq; Type: SEQUENCE OWNED BY; Schema: public; Owner: sude
--

ALTER SEQUENCE public."ProfileImage_id_seq" OWNED BY public."ProfileImage".id;


--
-- Name: Profile_id_seq; Type: SEQUENCE; Schema: public; Owner: sude
--

CREATE SEQUENCE public."Profile_id_seq"
    AS integer
    START WITH 1
    INCREMENT BY 1
    NO MINVALUE
    NO MAXVALUE
    CACHE 1;


ALTER SEQUENCE public."Profile_id_seq" OWNER TO sude;

--
-- Name: Profile_id_seq; Type: SEQUENCE OWNED BY; Schema: public; Owner: sude
--

ALTER SEQUENCE public."Profile_id_seq" OWNED BY public."Profile".id;


--
-- Name: TailoredCV; Type: TABLE; Schema: public; Owner: sude
--

CREATE TABLE public."TailoredCV" (
    id integer NOT NULL,
    "userId" integer NOT NULL,
    "jobPostingId" integer NOT NULL,
    "originalCvId" integer NOT NULL,
    "atsScore" integer,
    "improvedSummary" text,
    "createdAt" timestamp(3) without time zone DEFAULT CURRENT_TIMESTAMP NOT NULL,
    "updatedAt" timestamp(3) without time zone NOT NULL,
    "fileId" text
);


ALTER TABLE public."TailoredCV" OWNER TO sude;

--
-- Name: TailoredCVEntry; Type: TABLE; Schema: public; Owner: sude
--

CREATE TABLE public."TailoredCVEntry" (
    id integer NOT NULL,
    "tailoredCvId" integer NOT NULL,
    category public."EntryCategory" NOT NULL,
    name text NOT NULL,
    description text,
    "isModified" boolean DEFAULT false NOT NULL,
    "aiComment" text,
    "createdAt" timestamp(3) without time zone DEFAULT CURRENT_TIMESTAMP NOT NULL
);


ALTER TABLE public."TailoredCVEntry" OWNER TO sude;

--
-- Name: TailoredCVEntry_id_seq; Type: SEQUENCE; Schema: public; Owner: sude
--

CREATE SEQUENCE public."TailoredCVEntry_id_seq"
    AS integer
    START WITH 1
    INCREMENT BY 1
    NO MINVALUE
    NO MAXVALUE
    CACHE 1;


ALTER SEQUENCE public."TailoredCVEntry_id_seq" OWNER TO sude;

--
-- Name: TailoredCVEntry_id_seq; Type: SEQUENCE OWNED BY; Schema: public; Owner: sude
--

ALTER SEQUENCE public."TailoredCVEntry_id_seq" OWNED BY public."TailoredCVEntry".id;


--
-- Name: TailoredCV_id_seq; Type: SEQUENCE; Schema: public; Owner: sude
--

CREATE SEQUENCE public."TailoredCV_id_seq"
    AS integer
    START WITH 1
    INCREMENT BY 1
    NO MINVALUE
    NO MAXVALUE
    CACHE 1;


ALTER SEQUENCE public."TailoredCV_id_seq" OWNER TO sude;

--
-- Name: TailoredCV_id_seq; Type: SEQUENCE OWNED BY; Schema: public; Owner: sude
--

ALTER SEQUENCE public."TailoredCV_id_seq" OWNED BY public."TailoredCV".id;


--
-- Name: Task; Type: TABLE; Schema: public; Owner: sude
--

CREATE TABLE public."Task" (
    id integer NOT NULL,
    title text NOT NULL,
    "isCompleted" boolean DEFAULT false NOT NULL,
    "userId" integer NOT NULL
);


ALTER TABLE public."Task" OWNER TO sude;

--
-- Name: Task_id_seq; Type: SEQUENCE; Schema: public; Owner: sude
--

CREATE SEQUENCE public."Task_id_seq"
    AS integer
    START WITH 1
    INCREMENT BY 1
    NO MINVALUE
    NO MAXVALUE
    CACHE 1;


ALTER SEQUENCE public."Task_id_seq" OWNER TO sude;

--
-- Name: Task_id_seq; Type: SEQUENCE OWNED BY; Schema: public; Owner: sude
--

ALTER SEQUENCE public."Task_id_seq" OWNED BY public."Task".id;


--
-- Name: UpgradeRequest; Type: TABLE; Schema: public; Owner: sude
--

CREATE TABLE public."UpgradeRequest" (
    id integer NOT NULL,
    status text DEFAULT 'PENDING'::text NOT NULL,
    "adminNote" text,
    "createdAt" timestamp(3) without time zone DEFAULT CURRENT_TIMESTAMP NOT NULL,
    "updatedAt" timestamp(3) without time zone NOT NULL,
    "userId" integer NOT NULL
);


ALTER TABLE public."UpgradeRequest" OWNER TO sude;

--
-- Name: UpgradeRequest_id_seq; Type: SEQUENCE; Schema: public; Owner: sude
--

CREATE SEQUENCE public."UpgradeRequest_id_seq"
    AS integer
    START WITH 1
    INCREMENT BY 1
    NO MINVALUE
    NO MAXVALUE
    CACHE 1;


ALTER SEQUENCE public."UpgradeRequest_id_seq" OWNER TO sude;

--
-- Name: UpgradeRequest_id_seq; Type: SEQUENCE OWNED BY; Schema: public; Owner: sude
--

ALTER SEQUENCE public."UpgradeRequest_id_seq" OWNED BY public."UpgradeRequest".id;


--
-- Name: User; Type: TABLE; Schema: public; Owner: sude
--

CREATE TABLE public."User" (
    id integer NOT NULL,
    email text NOT NULL,
    password text NOT NULL,
    name text,
    username text NOT NULL,
    age integer,
    address text,
    role text DEFAULT 'FREE_USER'::text NOT NULL,
    "createdAt" timestamp(3) without time zone DEFAULT CURRENT_TIMESTAMP NOT NULL,
    "isEmailVerified" boolean DEFAULT false NOT NULL,
    "emailVerificationToken" text,
    "resetPasswordToken" text,
    "resetPasswordExpires" timestamp(3) without time zone,
    "isPrivate" boolean DEFAULT false NOT NULL
);


ALTER TABLE public."User" OWNER TO sude;

--
-- Name: User_id_seq; Type: SEQUENCE; Schema: public; Owner: sude
--

CREATE SEQUENCE public."User_id_seq"
    AS integer
    START WITH 1
    INCREMENT BY 1
    NO MINVALUE
    NO MAXVALUE
    CACHE 1;


ALTER SEQUENCE public."User_id_seq" OWNER TO sude;

--
-- Name: User_id_seq; Type: SEQUENCE OWNED BY; Schema: public; Owner: sude
--

ALTER SEQUENCE public."User_id_seq" OWNED BY public."User".id;


--
-- Name: AtsFormattedCV id; Type: DEFAULT; Schema: public; Owner: sude
--

ALTER TABLE ONLY public."AtsFormattedCV" ALTER COLUMN id SET DEFAULT nextval('public."AtsFormattedCV_id_seq"'::regclass);


--
-- Name: Block id; Type: DEFAULT; Schema: public; Owner: sude
--

ALTER TABLE ONLY public."Block" ALTER COLUMN id SET DEFAULT nextval('public."Block_id_seq"'::regclass);


--
-- Name: CV id; Type: DEFAULT; Schema: public; Owner: sude
--

ALTER TABLE ONLY public."CV" ALTER COLUMN id SET DEFAULT nextval('public."CV_id_seq"'::regclass);


--
-- Name: CVEntry id; Type: DEFAULT; Schema: public; Owner: sude
--

ALTER TABLE ONLY public."CVEntry" ALTER COLUMN id SET DEFAULT nextval('public."CVEntry_id_seq"'::regclass);


--
-- Name: Connection id; Type: DEFAULT; Schema: public; Owner: sude
--

ALTER TABLE ONLY public."Connection" ALTER COLUMN id SET DEFAULT nextval('public."Connection_id_seq"'::regclass);


--
-- Name: JobPosting id; Type: DEFAULT; Schema: public; Owner: sude
--

ALTER TABLE ONLY public."JobPosting" ALTER COLUMN id SET DEFAULT nextval('public."JobPosting_id_seq"'::regclass);


--
-- Name: Post id; Type: DEFAULT; Schema: public; Owner: sude
--

ALTER TABLE ONLY public."Post" ALTER COLUMN id SET DEFAULT nextval('public."Post_id_seq"'::regclass);


--
-- Name: PostImage id; Type: DEFAULT; Schema: public; Owner: sude
--

ALTER TABLE ONLY public."PostImage" ALTER COLUMN id SET DEFAULT nextval('public."PostImage_id_seq"'::regclass);


--
-- Name: Profile id; Type: DEFAULT; Schema: public; Owner: sude
--

ALTER TABLE ONLY public."Profile" ALTER COLUMN id SET DEFAULT nextval('public."Profile_id_seq"'::regclass);


--
-- Name: ProfileImage id; Type: DEFAULT; Schema: public; Owner: sude
--

ALTER TABLE ONLY public."ProfileImage" ALTER COLUMN id SET DEFAULT nextval('public."ProfileImage_id_seq"'::regclass);


--
-- Name: TailoredCV id; Type: DEFAULT; Schema: public; Owner: sude
--

ALTER TABLE ONLY public."TailoredCV" ALTER COLUMN id SET DEFAULT nextval('public."TailoredCV_id_seq"'::regclass);


--
-- Name: TailoredCVEntry id; Type: DEFAULT; Schema: public; Owner: sude
--

ALTER TABLE ONLY public."TailoredCVEntry" ALTER COLUMN id SET DEFAULT nextval('public."TailoredCVEntry_id_seq"'::regclass);


--
-- Name: Task id; Type: DEFAULT; Schema: public; Owner: sude
--

ALTER TABLE ONLY public."Task" ALTER COLUMN id SET DEFAULT nextval('public."Task_id_seq"'::regclass);


--
-- Name: UpgradeRequest id; Type: DEFAULT; Schema: public; Owner: sude
--

ALTER TABLE ONLY public."UpgradeRequest" ALTER COLUMN id SET DEFAULT nextval('public."UpgradeRequest_id_seq"'::regclass);


--
-- Name: User id; Type: DEFAULT; Schema: public; Owner: sude
--

ALTER TABLE ONLY public."User" ALTER COLUMN id SET DEFAULT nextval('public."User_id_seq"'::regclass);


--
-- Data for Name: AtsFormattedCV; Type: TABLE DATA; Schema: public; Owner: sude
--

COPY public."AtsFormattedCV" (id, "cvId", "fileId", content, "createdAt", "updatedAt") FROM stdin;
1	21	1NZViqKvBE_88w8J99wvS4_YCgtcf17e4	\N	2026-03-18 10:43:30.774	2026-03-18 10:43:30.774
\.


--
-- Data for Name: Block; Type: TABLE DATA; Schema: public; Owner: sude
--

COPY public."Block" (id, "blockerId", "blockedId", "createdAt") FROM stdin;
\.


--
-- Data for Name: CV; Type: TABLE DATA; Schema: public; Owner: sude
--

COPY public."CV" (id, "fileName", "fileId", "fileSize", "mimeType", "isActive", "userId", "createdAt", "updatedAt", "rawText", status, summary, "atsFormatFeedback", "atsFormatScore") FROM stdin;
18	Sude-Meydan-CV (1).pdf	1-8lmB7hRQELpMV_acHXN6TvO-d856FKi	91814	application/pdf	t	3	2026-03-09 13:47:19.704	2026-03-18 10:03:17.963	Sude Meydan\nComputer Engineering Student\nsude.meydan35@gmail.com\n \n05061202652\n \nIzmir, Turkey\n \n2003-07-10\n \ngithub.com/sudemeydan\n \nlinkedin.com/in/sudemeydan/\n \nProfile\nAs a final-year Computer Engineering student, I am eager to lay the foundations for my career in technology. I \nhave acquired the fundamental knowledge and am ready to apply my skills to real-world projects. My goal is to \nmake meaningful contributions and keep up with the latest innovations in this field.\nEducation\nBachelor's Degree, Afyon Kocatepe University\n09/2022 Г”Г‡Гґ Present\nSkills\nProgramming Languages\nPython, C#, JavaScript, SQL\nLibraries & Frameworks\nPandas, NumPy, Scikit-learn, Sequelize ORM\nData Science & AI\nMachine Learning, Deep Learning, Data Mining, \nNatural Language Processing, Time Series Analysis, \nPredictive Modeling\nBackend Development\nNode.js, Express.js\nFrontend Development\nHTML5, CSS3, JavaScript , EJS , Bootstrap 5, \nResponsive Design\nDatabase Management\nMySQL, Relational Database Design, Sequelize ORM.\nLanguages\nEnglish\nB1\nCertificates\n11th Azerbaijan Certificate for \nLife Engineering and Applied \nSciences\nISMSIT 2025 Г”Г‡Гґ IEEE Supported \nConference Certificate of \nParticipation Ankara, Tв”њв•ќrkiye Г”Г‡Гґ \n14Г”Г‡Гґ16 November 2025\nPresented a project on flight \ndelay forecasting\nProjects\nFlight Delay Prediction: Ensemble ML & Time Series Forecasting, \nPython, Scikit-Learn, PyTorch, XGBoost, TimesFM, Flask\nГ”Г‡ГіLarge-Scale Data Pipeline: Integrated 454,000+ flight records with real-time meteorological data using\nMeteostat API to analyze the impact of weather on aviation operations.\nГ”Г‡ГіHigh-Accuracy Regression Models: Developed and benchmarked ensemble models (XGBoost, Random \nForest,\nLightGBM). Achieved a 91.9% Rв”¬в–“ score with XGBoost, optimizing for RMSE and MAE via\nRandomizedSearchCV.Г”Г‡Гі\nГ”Г‡ГіState-of-the-Art Time Series Modeling: Implemented advanced Deep Learning architectures including\nГ”Г‡ГіTimesFM, TimeLLM (GPT-2 based), and Temporal Fusion Transformers (TFT) to capture complex temporal\ndependencies and seasonality.\nГ”Г‡ГіFeature Engineering: Applied advanced preprocessing techniques such as IQR outlier detection, lag \nfeatures,\nrolling averages, and cyclical date encoding to improve model robustness.\nГ”Г‡ГіWeb Deployment: Deployed the prediction engine as a user-friendly web application using Flask, enabling\ndynamic, minute-based delay forecasts.\nNoteHub Г”Г‡Гґ Educational Management Platform (LMS), \nNode.js, Express, MySQL, Sequelize ORM, EJS (MVC Architecture)\nГ”Г‡ГіFull-Stack Architecture: Developed a comprehensive Learning Management System (LMS) using Node.js \nand\nExpress, implementing a clean MVC structure for scalability.\nГ”Г‡ГіSecurity & Logic: Engineered robust security features including RBAC (Role-Based Access Control) and\ndesigned a conflict-free appointment scheduling algorithm.\nГ”Г‡ГіDatabase Management: Constructed complex relational schemas using MySQL and Sequelize ORM to\nefficiently handle resource sharing, assignment submissions, and user data.\nTurkish Lyrical Sentiment Analysis via Fine-Tuned BERT Architecture, \nNLP, BERT, Transfer Learning, Flask, Web Scraping\nГ”Г‡ГіEnd-to-End NLP Pipeline: Built a multi-class sentiment classification system specifically for Turkish song\nlyrics using Transfer Learning techniques.\nГ”Г‡ГіAutomated Data Engineering: Applied Zero-Shot Learning (Pseudo-Labeling) to automatically label raw\nweb-scraped data, creating a high-quality training dataset without manual annotation.\nГ”Г‡ГіModel Deployment: Fine-tuned a pre-trained BERT architecture to capture semantic nuances in Turkish\nlanguage and deployed the model as a real-time RESTful API using Flask.\nAI-Driven Phishing Detection & Categorization System, \nDeep Learning (XLM-RoBERTa), LLM (Mistral), Cybersecurity\nГ”Г‡ГіHybrid Detection Engine: Developed a phishing detection system combining Deep Learning (XLM-RoBERTa)\nwith rule-based feature extraction (URL analysis, IP usage, and suspicious patterns).\nГ”Г‡ГіAdvanced Classification: Designed the model to perform both binary classification (Safe vs. Phishing) and\nfine-grained category prediction for malicious content.\nГ”Г‡ГіInteractive Interface: Implemented an interactive web interface integrated with an optional Mistral LLM \ntoprovide users with human-readable explanations for detected security threats.\nProfessional Experience\nData Science Intern\n2024/05 Г”Г‡Гґ 2024/07\nUnited States (Remote)\nPracticus AI\nEnd-to-End ML Development: Executed the full data science lifecycle using the\nPracticus AI platform, ranging from raw data ingestion to model training.\nData Preprocessing: Performed rigorous data cleaning, missing value analysis, and\noutlier detection to prepare high-quality datasets for machine learning tasks.\nModel Training & Evaluation: Trained supervised learning models on processed\ndatasets and analyzed performance metrics to optimize prediction accuracy.\nTechnical Stack: Utilized Python (Pandas, Scikit-learn) and SQL for data\nmanipulation, statistical analysis, and feature engineering\n	COMPLETED	Son sв”Ђв–’nв”Ђв–’f Bilgisayar Mв”њв•ќhendisliв”ЂЕџi в”њГ‚в”ЂЕџrencisi olarak teknoloji kariyerimin temellerini atmaya hevesliyim. Temel bilgileri edindim ve yeteneklerimi gerв”њДџek dв”њв•ќnya projelerine uygulamaya hazв”Ђв–’rв”Ђв–’m. Amacв”Ђв–’m anlamlв”Ђв–’ katkв”Ђв–’lar saв”ЂЕџlamak ve bu alandaki en son yenilikleri takip etmektir.	\N	\N
3	MindFlow_MVP_Plan.docx	1P2DHCD81YXdDuJEUb_xYEjs6PkFKFoEN	19539	application/vnd.openxmlformats-officedocument.wordprocessingml.document	f	4	2026-03-05 07:45:06.308	2026-03-05 07:48:50.657	\N	PENDING	\N	\N	\N
2	Sude-Meydan-CV (1).pdf	1CuoqkjIAfLQ1bkBR_QTWX1IrF-aV2wmL	91814	application/pdf	t	4	2026-03-05 07:44:59.901	2026-03-05 07:48:50.657	\N	PENDING	\N	\N	\N
21	makine-muhendisi-cv-ornegi.pdf	1ZDEUqX5-_Wd_O0rhxu0X1SIZPGrwClIq	388402	application/pdf	f	3	2026-03-18 10:41:59.069	2026-03-18 10:42:35.51	в”њГ»zgeв”њДџmiв”јЕџ в”њГ»zeti \n                                                                                                                                                                                                            \n                                                   \n \nMakine mв”њв•ќhendisliв”ЂЕџi alanв”Ђв–’nda 12 yв”Ђв–’llв”Ђв–’k deneyime sahip bir mв”њв•ќhendis olarak, \ntasarв”Ђв–’m, в”њв•ќretim sв”њв•ќreв”њДџleri ve proje yв”њГ‚netimi konularв”Ђв–’nda geniв”јЕџ bir bilgi \nbirikimine sahibim. Analitik dв”њв•ќв”јЕџв”њв•ќnme becerim ve problem в”њДџв”њГ‚zme \nyeteneв”ЂЕџimle, sв”њв•ќreв”њДџleri optimize etmeye yв”њГ‚nelik projelerde aktif rol aldв”Ђв–’m. \nTakв”Ђв–’m в”њДџalв”Ђв–’в”јЕџmasв”Ђв–’na yatkв”Ђв–’n ve iletiв”јЕџim becerileri gв”њв•ќв”њДџlв”њв•ќ bir mв”њв•ќhendis olarak, \nkariyerimi daha ileri taв”јЕџв”Ђв–’mak iв”њДџin yeni fв”Ђв–’rsatlar arв”Ђв–’yorum. \n \n \n \n \nв”Ђв–‘в”јЕџ Deneyimleri \nSena Kara \n \nKв”Ђв–’demli Proje Mв”њв•ќhendisi \nKв”Ђв–’demli Proje Mв”њв•ќhendisi \n \nXYZ Mв”њв•ќhendislik в”¬ГЂ (Ocak 2018 - Devam ediyor) \n+90 (532) 123 45 67 \n \nisimsoysim@gmail.com \nВґГ©ГЂ \nMekanik tasarв”Ђв–’m projelerinde liderlik yaparak projelerin zamanв”Ђв–’nda \ntamamlanmasв”Ђв–’nв”Ђв–’ saв”ЂЕџlama. \n \nВґГ©ГЂ \nв”њВЈretim sв”њв•ќreв”њДџlerini optimize etmek iв”њДџin verimlilik analizleri yapma. \nDoв”ЂЕџum Tarihi: 1989 (35 \nYaв”јЕџ) \n \nВґГ©ГЂ \nMв”њв•ќв”јЕџteri taleplerine uygun в”њв•ќrв”њв•ќn geliв”јЕџtirme sв”њв•ќreв”њДџlerinde aktif rol alma. \nBursa, Osmangazi \n \nProje Mв”њв•ќhendisi \n \n \nABC Sanayi в”¬ГЂ (Eylв”њв•ќl 2011 - Aralв”Ђв–’k 2017) \n \n \nВґГ©ГЂ \nProje yв”њГ‚netimi sв”њв•ќreв”њДџlerini yв”њв•ќrв”њв•ќtme ve proje planlamasв”Ђв–’ yapma. \nВґГ©ГЂ \nв”њВЈretim hattв”Ђв–’nda sorun giderme ve teknik destek saв”ЂЕџlama. \n \n \n \nВґГ©ГЂ \nв”њВЈrв”њв•ќn tasarв”Ђв–’mв”Ђв–’ ve geliв”јЕџtirilmesi aв”јЕџamalarв”Ђв–’nda mв”њв•ќhendislik в”њДџв”њГ‚zв”њв•ќmleri \nsunma. \n \nMakine Mв”њв•ќhendisi \n \nPRS Teknoloji в”¬ГЂ (Ocak 2010 - Aв”ЂЕџustos 2011) \n \nВґГ©ГЂ \nPrototip tasarв”Ђв–’m sв”њв•ќreв”њДџlerinde yer alma ve в”њв•ќrв”њв•ќn geliв”јЕџtirme в”њДџalв”Ђв–’в”јЕџmalarв”Ђв–’ \nyapma. \n \n \nВґГ©ГЂ \nв”њВЈretim ekipmanlarв”Ђв–’nв”Ђв–’n bakв”Ђв–’mв”Ђв–’ ve onarв”Ђв–’mв”Ђв–’ ile ilgili sв”њв•ќreв”њДџlerde gв”њГ‚rev \nalma. \n \nStajyer Makine Mв”њв•ќhendisi \n \nGHI Mв”њв•ќhendislik в”¬ГЂ (Haziran 2008 - Eylв”њв•ќl 2008) \n \nВґГ©ГЂ \nTasarв”Ђв–’m departmanв”Ђв–’nda teknik в”њДџizim ve modelleme konularв”Ђв–’nda \nв”њДџalв”Ђв–’в”јЕџamalar \n \n \nВґГ©ГЂ \nProje sв”њв•ќreв”њДџlerine destek olmak iв”њДџin veri toplama ve analiz yapma. \n \n \nEв”ЂЕџitim Bilgileri \n \n \nUludaв”ЂЕџ в”њВЈniversitesi в”¬ГЂ Makine Mв”њв•ќhendisliв”ЂЕџi (Eylв”њв•ќl 2006 - Haziran 2011) \nLisans Derecesi \n \nВґГ©ГЂ \nTermodinamik, akв”Ђв–’в”јЕџkanlar mekaniв”ЂЕџi, malzeme bilimi ve makine \ntasarв”Ђв–’mв”Ђв–’ dersleri. \n \nВґГ©ГЂ \nProje bazlв”Ђв–’ uygulamalar ve laboratuvar в”њДџalв”Ђв–’в”јЕџmalarв”Ђв–’. \n \n \n\n\nTeknik Beceriler \nВґГ©ГЂ \nSв”њГ‚zleв”јЕџm CAD Yazв”Ђв–’lв”Ђв–’mlarв”Ђв–’: SolidWorks (в”Ђв–‘leri), AutoCAD (Orta) \n \nВґГ©ГЂ \nAnalitik Araв”њДџlar: MATLAB (в”Ђв–‘leri), ANSYS (Orta) \nВґГ©ГЂ \nProje Yв”њГ‚netimi: Proje planlamasв”Ђв–’ ve yв”њГ‚netimi (в”Ђв–‘leri) \nВґГ©ГЂ \nв”њВЈretim Teknolojileri: CNC makineleri (в”Ђв–‘leri), в”њв•ќretim sв”њв•ќreв”њДџleri (Orta) \nВґГ©ГЂ \nVeri Analizi: Excel (в”Ђв–‘leri), diв”ЂЕџer yazв”Ђв–’lв”Ђв–’mlar (Orta) \nDiller \nВґГ©ГЂ \nTв”њв•ќrkв”њДџe (Ana dil) \nВґГ©ГЂ \nв”Ђв–‘ngilizce (в”Ђв–‘leri) \nВґГ©ГЂ \nFransв”Ђв–’zca (Baв”јЕџlangв”Ђв–’в”њДџ) \n\n\n	COMPLETED	Makine mв”њв•ќhendisliв”ЂЕџi alanв”Ђв–’nda 12 yв”Ђв–’llв”Ђв–’k deneyime sahip bir mв”њв•ќhendis olarak, tasarв”Ђв–’m, в”њв•ќretim sв”њв•ќreв”њДџleri ve proje yв”њГ‚netimi konularв”Ђв–’nda geniв”јЕџ bir bilgi birikimine sahibim. Analitik dв”њв•ќв”јЕџв”њв•ќnme becerim ve problem в”њДџв”њГ‚zme yeteneв”ЂЕџimle, sв”њв•ќreв”њДџleri optimize etmeye yв”њГ‚nelik projelerde aktif rol aldв”Ђв–’m. Takв”Ђв–’m в”њДџalв”Ђв–’в”јЕџmasв”Ђв–’na yatkв”Ђв–’n ve iletiв”јЕџim becerileri gв”њв•ќв”њДџlв”њв•ќ bir mв”њв•ќhendis olarak, kariyerimi daha ileri taв”јЕџв”Ђв–’mak iв”њДџin yeni fв”Ђв–’rsatlar arв”Ђв–’yorum.	CV'nizdeki temel bilgiler ATS uyumluluв”ЂЕџu aв”њДџв”Ђв–’sв”Ђв–’ndan bazв”Ђв–’ ciddi sorunlar barв”Ђв–’ndв”Ђв–’rв”Ђв–’yor. En bв”њв•ќyв”њв•ќk sorun, adв”Ђв–’nв”Ђв–’z, iletiв”јЕџim bilgileriniz (telefon, e-posta) ve kiв”јЕџisel detaylarв”Ђв–’nв”Ђв–’zв”Ђв–’n (doв”ЂЕџum tarihi, adres) 'в”Ђв–‘в”јЕџ Deneyimleri' bв”њГ‚lв”њв•ќmв”њв•ќnв”њв•ќn iв”њДџine karв”Ђв–’в”јЕџmв”Ђв–’в”јЕџ olmasв”Ђв–’dв”Ђв–’r. Bir ATS, adayв”Ђв–’ tanв”Ђв–’mak iв”њДџin bu bilgilere en в”њв•ќstte, kolayca eriв”јЕџilebilir bir bв”њГ‚lв”њв•ќmde ihtiyaв”њДџ duyar. Bu durum, в”њГ‚zgeв”њДџmiв”јЕџinizin otomatik sistemler tarafв”Ђв–’ndan doв”ЂЕџru bir в”јЕџekilde iв”јЕџlenmesini engelleyecektir. Diв”ЂЕџer bв”њГ‚lв”њв•ќmleriniz (в”њГ»zgeв”њДџmiв”јЕџ в”њГ»zeti, в”Ђв–‘в”јЕџ Deneyimleri, Eв”ЂЕџitim Bilgileri, Teknik Beceriler, Diller) genel olarak iyi yapв”Ђв–’landв”Ђв–’rв”Ђв–’lmв”Ђв–’в”јЕџ ve iв”њДџerik olarak zengin. Ancak, iletiв”јЕџim bilgilerinizin yanlв”Ђв–’в”јЕџ yerleв”јЕџimi, genel puanв”Ђв–’nв”Ђв–’zв”Ђв–’ dв”њв•ќв”јЕџв”њв•ќrв”њв•ќyor. в”њГ»zgeв”њДџmiв”јЕџinizi, iletiв”јЕџim bilgilerinizi en в”њв•ќste net ve ayrв”Ђв–’ bir bв”њГ‚lв”њв•ќm olarak ekleyerek gв”њв•ќncelleyin ve metin iв”њДџindeki fazla boв”јЕџluklarв”Ђв–’ azaltв”Ђв–’n. Bu dв”њв•ќzeltmeler ATS uyumluluв”ЂЕџunu в”њГ‚nemli в”њГ‚lв”њДџв”њв•ќde artв”Ђв–’racaktв”Ђв–’r.	45
\.


--
-- Data for Name: CVEntry; Type: TABLE DATA; Schema: public; Owner: sude
--

COPY public."CVEntry" (id, "cvId", category, title, subtitle, "startDate", "endDate", description, metadata, "createdAt") FROM stdin;
1	18	CONTACT_INFO	Sude Meydan	Computer Engineering Student	\N	\N	\N	{"email": "sude.meydan35@gmail.com", "phone": "05061202652", "github": "github.com/sudemeydan", "linkedin": "linkedin.com/in/sudemeydan/", "location": "Izmir, Turkey"}	2026-03-09 13:47:44.124
2	18	EDUCATION	Afyon Kocatepe University	Bachelor's Degree	2022-09	Present	\N	{}	2026-03-09 13:47:44.124
3	18	EXPERIENCE	Practicus AI	Data Science Intern	2024-05	2024-07	End-to-End ML Development: Executed the full data science lifecycle using the Practicus AI platform, ranging from raw data ingestion to model training.\nData Preprocessing: Performed rigorous data cleaning, missing value analysis, and outlier detection to prepare high-quality datasets for machine learning tasks.\nModel Training & Evaluation: Trained supervised learning models on processed datasets and analyzed performance metrics to optimize prediction accuracy.\nTechnical Stack: Utilized Python (Pandas, Scikit-learn) and SQL for data manipulation, statistical analysis, and feature engineering	{"location": "United States (Remote)"}	2026-03-09 13:47:44.124
4	18	SKILL	Programming Languages	\N	\N	\N	Python, C#, JavaScript, SQL	{}	2026-03-09 13:47:44.124
5	18	SKILL	Libraries & Frameworks	\N	\N	\N	Pandas, NumPy, Scikit-learn, Sequelize ORM	{}	2026-03-09 13:47:44.124
6	18	SKILL	Data Science & AI	\N	\N	\N	Machine Learning, Deep Learning, Data Mining, Natural Language Processing, Time Series Analysis, Predictive Modeling	{}	2026-03-09 13:47:44.124
7	18	SKILL	Backend Development	\N	\N	\N	Node.js, Express.js	{}	2026-03-09 13:47:44.124
8	18	SKILL	Frontend Development	\N	\N	\N	HTML5, CSS3, JavaScript, EJS, Bootstrap 5, Responsive Design	{}	2026-03-09 13:47:44.124
9	18	SKILL	Database Management	\N	\N	\N	MySQL, Relational Database Design, Sequelize ORM	{}	2026-03-09 13:47:44.124
10	18	LANGUAGE	English	B1	\N	\N	\N	{}	2026-03-09 13:47:44.124
11	18	CERTIFICATE	11th Azerbaijan Certificate for Life Engineering and Applied Sciences	\N	\N	\N	\N	{}	2026-03-09 13:47:44.124
12	18	CERTIFICATE	ISMSIT 2025 Г”Г‡Гґ IEEE Supported Conference Certificate of Participation	Presented a project on flight delay forecasting	2025-11	2025-11	\N	{"location": "Ankara, Tв”њв•ќrkiye"}	2026-03-09 13:47:44.124
13	18	PROJECT	Flight Delay Prediction	Ensemble ML & Time Series Forecasting	\N	\N	Large-Scale Data Pipeline: Integrated 454,000+ flight records with real-time meteorological data using Meteostat API to analyze the impact of weather on aviation operations.\nHigh-Accuracy Regression Models: Developed and benchmarked ensemble models (XGBoost, Random Forest, LightGBM). Achieved a 91.9% Rв”¬в–“ score with XGBoost, optimizing for RMSE and MAE via RandomizedSearchCV.\nState-of-the-Art Time Series Modeling: Implemented advanced Deep Learning architectures including TimesFM, TimeLLM (GPT-2 based), and Temporal Fusion Transformers (TFT) to capture complex temporal dependencies and seasonality.\nFeature Engineering: Applied advanced preprocessing techniques such as IQR outlier detection, lag features, rolling averages, and cyclical date encoding to improve model robustness.\nWeb Deployment: Deployed the prediction engine as a user-friendly web application using Flask, enabling dynamic, minute-based delay forecasts.	{"technologies": "Python, Scikit-Learn, PyTorch, XGBoost, TimesFM, Flask"}	2026-03-09 13:47:44.124
14	18	PROJECT	NoteHub Г”Г‡Гґ Educational Management Platform (LMS)	MVC Architecture	\N	\N	Full-Stack Architecture: Developed a comprehensive Learning Management System (LMS) using Node.js and Express, implementing a clean MVC structure for scalability.\nSecurity & Logic: Engineered robust security features including RBAC (Role-Based Access Control) and designed a conflict-free appointment scheduling algorithm.\nDatabase Management: Constructed complex relational schemas using MySQL and Sequelize ORM to efficiently handle resource sharing, assignment submissions, and user data.	{"technologies": "Node.js, Express, MySQL, Sequelize ORM, EJS"}	2026-03-09 13:47:44.124
15	18	PROJECT	Turkish Lyrical Sentiment Analysis via Fine-Tuned BERT Architecture	NLP, BERT, Transfer Learning, Flask, Web Scraping	\N	\N	End-to-End NLP Pipeline: Built a multi-class sentiment classification system specifically for Turkish song lyrics using Transfer Learning techniques.\nAutomated Data Engineering: Applied Zero-Shot Learning (Pseudo-Labeling) to automatically label raw web-scraped data, creating a high-quality training dataset without manual annotation.\nModel Deployment: Fine-tuned a pre-trained BERT architecture to capture semantic nuances in Turkish language and deployed the model as a real-time RESTful API using Flask.	{"technologies": "NLP, BERT, Transfer Learning, Flask, Web Scraping"}	2026-03-09 13:47:44.124
16	18	PROJECT	AI-Driven Phishing Detection & Categorization System	Deep Learning (XLM-RoBERTa), LLM (Mistral), Cybersecurity	\N	\N	Hybrid Detection Engine: Developed a phishing detection system combining Deep Learning (XLM-RoBERTa) with rule-based feature extraction (URL analysis, IP usage, and suspicious patterns).\nAdvanced Classification: Designed the model to perform both binary classification (Safe vs. Phishing) and fine-grained category prediction for malicious content.\nInteractive Interface: Implemented an interactive web interface integrated with an optional Mistral LLM to provide users with human-readable explanations for detected security threats.	{"technologies": "Deep Learning (XLM-RoBERTa), LLM (Mistral), Cybersecurity"}	2026-03-09 13:47:44.124
38	21	CONTACT_INFO	Belirtilmemiв”јЕџ	\N	\N	\N	\N	{"email": "isimsoysim@gmail.com", "phone": "+90 (532) 123 45 67", "fullName": "Sena Kara"}	2026-03-18 10:42:35.523
39	21	EXPERIENCE	XYZ Mв”њв•ќhendislik	Kв”Ђв–’demli Proje Mв”њв•ќhendisi	2018-01	Present	ВґГ©ГЂ Mekanik tasarв”Ђв–’m projelerinde liderlik yaparak projelerin zamanв”Ђв–’nda tamamlanmasв”Ђв–’nв”Ђв–’ saв”ЂЕџlama.\nВґГ©ГЂ в”њВЈretim sв”њв•ќreв”њДџlerini optimize etmek iв”њДџin verimlilik analizleri yapma.\nВґГ©ГЂ Mв”њв•ќв”јЕџteri taleplerine uygun в”њв•ќrв”њв•ќn geliв”јЕџtirme sв”њв•ќreв”њДџlerinde aktif rol alma.	null	2026-03-18 10:42:35.523
40	21	EXPERIENCE	ABC Sanayi	Proje Mв”њв•ќhendisi	2011-09	2017-12	ВґГ©ГЂ Proje yв”њГ‚netimi sв”њв•ќreв”њДџlerini yв”њв•ќrв”њв•ќtme ve proje planlamasв”Ђв–’ yapma.\nВґГ©ГЂ в”њВЈretim hattв”Ђв–’nda sorun giderme ve teknik destek saв”ЂЕџlama.\nВґГ©ГЂ в”њВЈrв”њв•ќn tasarв”Ђв–’mв”Ђв–’ ve geliв”јЕџtirilmesi aв”јЕџamalarв”Ђв–’nda mв”њв•ќhendislik в”њДџв”њГ‚zв”њв•ќmleri sunma.	null	2026-03-18 10:42:35.523
41	21	EXPERIENCE	PRS Teknoloji	Makine Mв”њв•ќhendisi	2010-01	2011-08	ВґГ©ГЂ Prototip tasarв”Ђв–’m sв”њв•ќreв”њДџlerinde yer alma ve в”њв•ќrв”њв•ќn geliв”јЕџtirme в”њДџalв”Ђв–’в”јЕџmalarв”Ђв–’ yapma.\nВґГ©ГЂ в”њВЈretim ekipmanlarв”Ђв–’nв”Ђв–’n bakв”Ђв–’mв”Ђв–’ ve onarв”Ђв–’mв”Ђв–’ ile ilgili sв”њв•ќreв”њДџlerde gв”њГ‚rev alma.	null	2026-03-18 10:42:35.523
42	21	EXPERIENCE	GHI Mв”њв•ќhendislik	Stajyer Makine Mв”њв•ќhendisi	2008-06	2008-09	ВґГ©ГЂ Tasarв”Ђв–’m departmanв”Ђв–’nda teknik в”њДџizim ve modelleme konularв”Ђв–’nda в”њДџalв”Ђв–’в”јЕџmalar yapma.\nВґГ©ГЂ Proje sв”њв•ќreв”њДџlerine destek olmak iв”њДџin veri toplama ve analiz yapma.	null	2026-03-18 10:42:35.523
43	21	EDUCATION	Uludaв”ЂЕџ в”њВЈniversitesi	Makine Mв”њв•ќhendisliв”ЂЕџi (Lisans Derecesi)	2006-09	2011-06	ВґГ©ГЂ Termodinamik, akв”Ђв–’в”јЕџkanlar mekaniв”ЂЕџi, malzeme bilimi ve makine tasarв”Ђв–’mв”Ђв–’ dersleri.\nВґГ©ГЂ Proje bazlв”Ђв–’ uygulamalar ve laboratuvar в”њДџalв”Ђв–’в”јЕџmalarв”Ђв–’.	null	2026-03-18 10:42:35.523
44	21	SKILL	SolidWorks	в”Ђв–‘leri	\N	\N	CAD Yazв”Ђв–’lв”Ђв–’mlarв”Ђв–’	{}	2026-03-18 10:42:35.523
45	21	SKILL	AutoCAD	Orta	\N	\N	CAD Yazв”Ђв–’lв”Ђв–’mlarв”Ђв–’	{}	2026-03-18 10:42:35.523
46	21	SKILL	MATLAB	в”Ђв–‘leri	\N	\N	Analitik Araв”њДџlar	{}	2026-03-18 10:42:35.523
47	21	SKILL	ANSYS	Orta	\N	\N	Analitik Araв”њДџlar	{}	2026-03-18 10:42:35.523
48	21	SKILL	Proje Yв”њГ‚netimi	в”Ђв–‘leri	\N	\N	Proje planlamasв”Ђв–’ ve yв”њГ‚netimi	{}	2026-03-18 10:42:35.523
49	21	SKILL	CNC makineleri	в”Ђв–‘leri	\N	\N	в”њВЈretim Teknolojileri	{}	2026-03-18 10:42:35.523
50	21	SKILL	в”њВЈretim sв”њв•ќreв”њДџleri	Orta	\N	\N	в”њВЈretim Teknolojileri	{}	2026-03-18 10:42:35.523
51	21	SKILL	Excel	в”Ђв–‘leri	\N	\N	Veri Analizi	{}	2026-03-18 10:42:35.523
52	21	SKILL	Diв”ЂЕџer veri analizi yazв”Ђв–’lв”Ђв–’mlarв”Ђв–’	Orta	\N	\N	Veri Analizi	{}	2026-03-18 10:42:35.523
53	21	LANGUAGE	Tв”њв•ќrkв”њДџe	Ana dil	\N	\N	\N	{}	2026-03-18 10:42:35.523
54	21	LANGUAGE	в”Ђв–‘ngilizce	в”Ђв–‘leri	\N	\N	\N	{}	2026-03-18 10:42:35.523
55	21	LANGUAGE	Fransв”Ђв–’zca	Baв”јЕџlangв”Ђв–’в”њДџ	\N	\N	\N	{}	2026-03-18 10:42:35.523
\.


--
-- Data for Name: Connection; Type: TABLE DATA; Schema: public; Owner: sude
--

COPY public."Connection" (id, "senderId", "receiverId", status, "createdAt") FROM stdin;
1	4	3	ACCEPTED	2026-03-05 07:49:12.431
\.


--
-- Data for Name: JobPosting; Type: TABLE DATA; Schema: public; Owner: sude
--

COPY public."JobPosting" (id, title, company, description, url, "extractedSkills", "createdAt", "updatedAt") FROM stdin;
1	Full Stack Developer	Nodelabs Software	в”Ђв–‘в”јЕџ ilanв”Ђв–’ hakkв”Ђв–’nda\nNodelabs Software, 2024 Mart ayв”Ђв–’nda kurulan ve mobil uygulama geliв”јЕџtirme ile bu uygulamalarв”Ђв–’n pazarlama ve bв”њв•ќyв”њв•ќme sв”њв•ќreв”њДџlerini yв”њГ‚neten dinamik bir teknoloji в”јЕџirketidir. Mevcut ve yeni projelerimizin altyapв”Ђв–’sв”Ђв–’nв”Ђв–’ geliв”јЕџtirecek, в”њГ‚lв”њДџeklenebilir ve performanslв”Ђв–’ sistemler kurabilecek bir Full Stack Developer arв”Ђв–’yoruz.\n\n\nGв”њГ‚rev ve Sorumluluklar\n\nNode.js ile backend servislerin geliв”јЕџtirilmesi\nMongoDB veritabanв”Ђв–’ yapв”Ђв–’sв”Ђв–’nв”Ђв–’n tasarв”Ђв–’mв”Ђв–’ ve yв”њГ‚netimi\nRabbitMQ ile mesaj kuyruk sistemlerinin entegrasyonu\nRedis ile cache sistemlerinin kurulumu ve kullanв”Ђв–’mв”Ђв–’\nElasticsearch kullanarak arama altyapв”Ђв–’larв”Ђв–’nв”Ђв–’n yapв”Ђв–’landв”Ђв–’rв”Ђв–’lmasв”Ђв–’\nPlugin mimarisine uygun modв”њв•ќler kod yazв”Ђв–’mв”Ђв–’\nServer konfigв”њв•ќrasyonu, deployment sв”њв•ќreв”њДџleri, log ve memory yв”њГ‚netimi\nMemory leakГ”Г‡Г–lere karв”јЕџв”Ђв–’ optimize ve sв”њв•ќrdв”њв•ќrв”њв•ќlebilir kod geliв”јЕџtirme\nTemel dв”њв•ќzeyde admin panel entegrasyonu (ReactJS)\nHazв”Ђв–’r templateГ”Г‡Г–ler (Shadcn vb.) kullanarak dashboard ve grafik iв”њДџeren yв”њГ‚netim panelleri oluв”јЕџturabilme\n\nMevcut frontend mimarisine uygun API entegrasyonlarв”Ђв–’ yapabilme\n\n\nAradв”Ђв–’в”ЂЕџв”Ђв–’mв”Ђв–’z в”њГ»zellikler\n\nNode.js + Express.js konusunda tecrв”њв•ќbeli\nMongoDB, Redis, RabbitMQ, Elasticsearch teknolojilerine hв”њГіkim\nMemory optimizasyonu ve performans konularв”Ђв–’nda bilgili\nTemiz, okunabilir ve sв”њв•ќrdв”њв•ќrв”њв•ќlebilir kod yazma alв”Ђв–’в”јЕџkanlв”Ђв–’в”ЂЕџв”Ђв–’\nVersiyon kontrol sistemlerine (Git) hв”њГіkim\nDocker ortamlarв”Ђв–’nda в”њДџalв”Ђв–’в”јЕџmв”Ђв–’в”јЕџ olmak avantajdв”Ђв–’r\nFrontend tarafв”Ђв–’nda temel dв”њв•ќzey\nHazв”Ђв–’r admin panel в”јЕџablonlarв”Ђв–’nв”Ђв–’ kullanarak fonksiyonel yв”њГ‚netim panelleri geliв”јЕџtirmiв”јЕџ olmak\n\nOlmasв”Ђв–’ Avantajdв”Ђв–’r\n\nPlugin tabanlв”Ђв–’ mimari deneyimi\nCI/CD sв”њв•ќreв”њДџlerinde deneyim\nKendi baв”јЕџв”Ђв–’na sunucu ayaв”ЂЕџa kaldв”Ђв–’rmв”Ђв–’в”јЕџ, production ortam yв”њГ‚netmiв”јЕџ olmasв”Ђв–’\nProje sorumluluв”ЂЕџu alabilecek disipline sahip olmasв”Ђв–’\n\n\nBaв”јЕџvuru\n\nEв”ЂЕџer yukarв”Ђв–’daki teknolojilere hв”њГіkimsen, startup ruhunu seviyorsan ve gв”њв•ќв”њДџlв”њв•ќ bir в”њв•ќrв”њв•ќn ekibinde yer almak istiyorsan baв”јЕџvurunu bekliyoruz.	\N	["Node.js", "Express.js", "MongoDB", "RabbitMQ", "Redis", "Elasticsearch", "ReactJS (Temel Dв”њв•ќzey)", "Git", "Docker", "CI/CD", "Modв”њв•ќler Kod Yazв”Ђв–’mв”Ђв–’", "Server Konfigв”њв•ќrasyonu"]	2026-03-16 08:19:16.8	2026-03-16 08:19:16.8
2	Full Stack Developer	Nodelabs Software	в”Ђв–‘в”јЕџ ilanв”Ђв–’ hakkв”Ђв–’nda\nNodelabs Software, 2024 Mart ayв”Ђв–’nda kurulan ve mobil uygulama geliв”јЕџtirme ile bu uygulamalarв”Ђв–’n pazarlama ve bв”њв•ќyв”њв•ќme sв”њв•ќreв”њДџlerini yв”њГ‚neten dinamik bir teknoloji в”јЕџirketidir. Mevcut ve yeni projelerimizin altyapв”Ђв–’sв”Ђв–’nв”Ђв–’ geliв”јЕџtirecek, в”њГ‚lв”њДџeklenebilir ve performanslв”Ђв–’ sistemler kurabilecek bir Full Stack Developer arв”Ђв–’yoruz.\n\n\nGв”њГ‚rev ve Sorumluluklar\n\nNode.js ile backend servislerin geliв”јЕџtirilmesi\nMongoDB veritabanв”Ђв–’ yapв”Ђв–’sв”Ђв–’nв”Ђв–’n tasarв”Ђв–’mв”Ђв–’ ve yв”њГ‚netimi\nRabbitMQ ile mesaj kuyruk sistemlerinin entegrasyonu\nRedis ile cache sistemlerinin kurulumu ve kullanв”Ђв–’mв”Ђв–’\nElasticsearch kullanarak arama altyapв”Ђв–’larв”Ђв–’nв”Ђв–’n yapв”Ђв–’landв”Ђв–’rв”Ђв–’lmasв”Ђв–’\nPlugin mimarisine uygun modв”њв•ќler kod yazв”Ђв–’mв”Ђв–’\nServer konfigв”њв•ќrasyonu, deployment sв”њв•ќreв”њДџleri, log ve memory yв”њГ‚netimi\nMemory leakГ”Г‡Г–lere karв”јЕџв”Ђв–’ optimize ve sв”њв•ќrdв”њв•ќrв”њв•ќlebilir kod geliв”јЕџtirme\nTemel dв”њв•ќzeyde admin panel entegrasyonu (ReactJS)\nHazв”Ђв–’r templateГ”Г‡Г–ler (Shadcn vb.) kullanarak dashboard ve grafik iв”њДџeren yв”њГ‚netim panelleri oluв”јЕџturabilme\n\nMevcut frontend mimarisine uygun API entegrasyonlarв”Ђв–’ yapabilme\n\n\nAradв”Ђв–’в”ЂЕџв”Ђв–’mв”Ђв–’z в”њГ»zellikler\n\nNode.js + Express.js konusunda tecrв”њв•ќbeli\nMongoDB, Redis, RabbitMQ, Elasticsearch teknolojilerine hв”њГіkim\nMemory optimizasyonu ve performans konularв”Ђв–’nda bilgili\nTemiz, okunabilir ve sв”њв•ќrdв”њв•ќrв”њв•ќlebilir kod yazma alв”Ђв–’в”јЕџkanlв”Ђв–’в”ЂЕџв”Ђв–’\nVersiyon kontrol sistemlerine (Git) hв”њГіkim\nDocker ortamlarв”Ђв–’nda в”њДџalв”Ђв–’в”јЕџmв”Ђв–’в”јЕџ olmak avantajdв”Ђв–’r\nFrontend tarafв”Ђв–’nda temel dв”њв•ќzey\nHazв”Ђв–’r admin panel в”јЕџablonlarв”Ђв–’nв”Ђв–’ kullanarak fonksiyonel yв”њГ‚netim panelleri geliв”јЕџtirmiв”јЕџ olmak\n\nOlmasв”Ђв–’ Avantajdв”Ђв–’r\n\nPlugin tabanlв”Ђв–’ mimari deneyimi\nCI/CD sв”њв•ќreв”њДџlerinde deneyim\nKendi baв”јЕџв”Ђв–’na sunucu ayaв”ЂЕџa kaldв”Ђв–’rmв”Ђв–’в”јЕџ, production ortam yв”њГ‚netmiв”јЕџ olmasв”Ђв–’\nProje sorumluluв”ЂЕџu alabilecek disipline sahip olmasв”Ђв–’\n\n\nBaв”јЕџvuru\n\nEв”ЂЕџer yukarв”Ђв–’daki teknolojilere hв”њГіkimsen, startup ruhunu seviyorsan ve gв”њв•ќв”њДџlв”њв•ќ bir в”њв•ќrв”њв•ќn ekibinde yer almak istiyorsan baв”јЕџvurunu bekliyoruz.	\N	["Node.js", "Express.js", "MongoDB", "RabbitMQ", "Redis", "Elasticsearch", "ReactJS (temel dв”њв•ќzey)", "Shadcn (veya benzeri template kullanв”Ђв–’mв”Ђв–’)", "Plugin mimarisi", "Server konfigв”њв•ќrasyonu", "Deployment sв”њв•ќreв”њДџleri", "Log yв”њГ‚netimi", "Memory yв”њГ‚netimi", "Memory leak optimizasyonu", "API entegrasyonu", "Git", "Docker", "CI/CD", "Production ortam yв”њГ‚netimi"]	2026-03-16 08:38:39.673	2026-03-16 08:38:39.673
3	Applied AI Engineer	\N	в”Ђв–‘в”јЕџ ilanв”Ђв–’ hakkв”Ђв–’nda\nPosition: Applied AI Engineer\n\nType: Hourly contract\n\nCompensation: $30-$80/hr\n\nLocation: Remote\n\nCommitment: 10Г”Г‡Гґ40 hours/week\n\nRole Responsibilities\n\nDesign, develop, and deploy machine learning models to address real-world business problems.\nCollaborate with cross-functional teams to identify opportunities for AI integration and innovation.\nPreprocess, analyze, and interpret complex datasets using Python and related data tools.\nDevelop APIs and data pipelines to integrate machine learning models into production systems.\nOptimize models for scalability, performance, and reliability in operational environments.\nDocument technical workflows, methodologies, and results clearly for internal teams.\nCommunicate technical concepts and solutions effectively to both technical and non-technical stakeholders.\n\nRequirements\n\nStrong proficiency in Python for data processing, automation, and machine learning development.\nHands-on experience with machine learning frameworks and model development workflows.\nExperience working with JSON data structures and API integrations.\nAbility to translate business requirements into deployable AI solutions.\nStrong written and verbal communication skills with attention to clarity and collaboration.\nFamiliarity with version control systems and collaborative development tools.\nSelf-motivated and comfortable working in a fast-paced remote environment.\n\nApplication Process (Takes 20 Min)\n\nUpload resume\nInterview (15 min)\nSubmit form\n\n\n\nв”Ђв–‘stenen Yetenek ve Uzmanlв”Ђв–’klar\nMachine Learning, AI	\N	["Machine Learning", "AI", "Python", "Data Processing", "Automation", "API Development", "Data Pipelines", "Model Optimization", "Scalability", "JSON Data Structures", "API Integration", "Machine Learning Frameworks", "Version Control Systems", "Data Analysis"]	2026-03-16 12:21:18.945	2026-03-16 12:21:18.945
4	Makine Mв”њв•ќhendisi	\N	в”Ђв–‘в”јЕџ в”Ђв–‘lanв”Ђв–’ Hakkв”Ђв–’nda\nв”Ђв–‘stanbul Anadolu Yakasв”Ђв–’nda yapв”Ђв–’lacak olan  Karma Konut Projemizin в”јЕџantiyesinde gв”њГ‚revlendirilmek в”њв•ќzere Pendik bв”њГ‚lgesi ve civarв”Ђв–’nda ikamet eden ;\n\nв”њВЈniversitelerin Makine Mв”њв•ќhendisliв”ЂЕџi bв”њГ‚lв”њв•ќmв”њв•ќnden mezun,\nв”њГ§oklu proje yв”њГ‚netiminde deneyim sahibi, eв”јЕџzamanlв”Ђв–’ birden в”њДџok projeyi yв”њГ‚netebilecek yeterlilikte olan,\nTercihen bв”њв•ќyв”њв•ќk в”њГ‚lв”њДџekli ve nitelikli в”њв•ќst yapв”Ђв–’(karma konut) projelerinde Makine Mв”њв•ќhendisi gв”њГ‚revinde 8-12 yв”Ђв–’l tecrв”њв•ќbeli,\nIsв”Ђв–’tma, Soв”ЂЕџutma, Havalandв”Ђв–’rma Tesisatlarв”Ђв–’, Sв”Ђв–’hhi Tesisat, Yangв”Ђв–’n Tesisatв”Ђв–’, Bina Mekanik Otomasyonu konularв”Ђв–’nda  saha tecrв”њв•ќbesi  olan,\nPlanlama, ha kediв”јЕџ konularв”Ђв–’nda deneyimli,\nMS Office uygulamalarв”Ђв–’na ve Autocad programв”Ђв–’na hв”њГіkim,\nEkip ve taв”јЕџeron yв”њГ‚netimi konularв”Ђв–’nda deneyimli,\nMalzeme, uygulama, test ve devreye alma konularв”Ђв–’nda tecrв”њв•ќbe sahibi, detay в”њДџв”њГ‚zв”њв•ќm bilgisi yв”њв•ќksek,\nEtkin iletiв”јЕџim becerisine sahip, insan iliв”јЕџkilerinde baв”јЕџarв”Ђв–’lв”Ђв–’, mв”њв•ќzakere yeteneв”ЂЕџi geliв”јЕџmiв”јЕџ,\nAnalitik dв”њв•ќв”јЕџв”њв•ќnebilme yeteneв”ЂЕџine sahip,\nErkek adaylar iв”њДџin askerlik ile iliв”јЕџiв”ЂЕџi olmayan,\n\n\nв”Ђв–‘в”јЕћ TANIMI \n\nSaha uygulama ve detay projelerinin hazв”Ђв–’rlatв”Ђв–’lmasв”Ђв–’nв”Ђв–’n organizasyonu,\nStatik, mimari ve elektrik imalatlarв”Ђв–’ ile koordinasyonunun saв”ЂЕџlanmasв”Ђв–’,\nTaв”јЕџeron firmanв”Ђв–’n yapmв”Ђв–’в”јЕџ olduв”ЂЕџu bв”њв•ќtв”њв•ќn imalatlarв”Ђв–’n yerinde kontrolв”њв•ќ ve denetimi,\nSatв”Ђв–’nalma teknik dosyalarв”Ђв–’nв”Ђв–’n oluв”јЕџturulmasв”Ђв–’,\nMetraj, keв”јЕџif ve hak ediв”јЕџ yapв”Ђв–’lmasв”Ђв–’ ve kontrolв”њв•ќ,\nв”Ђв–‘в”јЕџ sonu hak ediв”јЕџ dв”њв•ќzenleyip, sorunsuz в”јЕџekilde iв”јЕџ teslim onaylarв”Ђв–’nв”Ђв–’n alв”Ђв–’nmasв”Ђв–’, \nAlв”Ђв–’nan malzemelerin в”јЕџantiyeye sevk ve takibinin yapв”Ђв–’lmasв”Ђв–’,\n\n\nAday Kriterleri\nГ”Г‡Гі Tecrв”њв•ќbe\nEn az 8 yв”Ђв–’l tecrв”њв•ќbeli\nГ”Г‡Гі Eв”ЂЕџitim Seviyesi\nв”њВЈniversite(Mezun), Yв”њв•ќksek Lisans(Mezun)\nГ”Г‡Гі Askerlik Durumu\nYapв”Ђв–’ldв”Ђв–’	\N	["в”њГ§oklu proje yв”њГ‚netimi", "Isв”Ђв–’tma, Soв”ЂЕџutma, Havalandв”Ђв–’rma Tesisatlarв”Ђв–’ (HVAC)", "Sв”Ђв–’hhi Tesisat", "Yangв”Ђв–’n Tesisatв”Ђв–’", "Bina Mekanik Otomasyonu", "Saha tecrв”њв•ќbesi (Mekanik tesisat konularв”Ђв–’nda)", "Planlama", "Hak ediв”јЕџ (Metraj, keв”јЕџif, kontrol)", "MS Office", "Autocad", "Ekip yв”њГ‚netimi", "Taв”јЕџeron yв”њГ‚netimi", "Malzeme bilgisi", "Uygulama bilgisi", "Test ve devreye alma", "Detay в”њДџв”њГ‚zв”њв•ќm bilgisi", "Etkin iletiв”јЕџim", "Mв”њв•ќzakere yeteneв”ЂЕџi", "Analitik dв”њв•ќв”јЕџв”њв•ќnme"]	2026-03-18 10:02:16.759	2026-03-18 10:02:16.759
5	Makine Mв”њв•ќhendisi	\N	в”Ђв–‘в”јЕџ в”Ђв–‘lanв”Ђв–’ Hakkв”Ђв–’nda\nв”Ђв–‘stanbul Anadolu Yakasв”Ђв–’nda yapв”Ђв–’lacak olan  Karma Konut Projemizin в”јЕџantiyesinde gв”њГ‚revlendirilmek в”њв•ќzere Pendik bв”њГ‚lgesi ve civarв”Ђв–’nda ikamet eden ;\n\nв”њВЈniversitelerin Makine Mв”њв•ќhendisliв”ЂЕџi bв”њГ‚lв”њв•ќmв”њв•ќnden mezun,\nв”њГ§oklu proje yв”њГ‚netiminde deneyim sahibi, eв”јЕџzamanlв”Ђв–’ birden в”њДџok projeyi yв”њГ‚netebilecek yeterlilikte olan,\nTercihen bв”њв•ќyв”њв•ќk в”њГ‚lв”њДџekli ve nitelikli в”њв•ќst yapв”Ђв–’(karma konut) projelerinde Makine Mв”њв•ќhendisi gв”њГ‚revinde 8-12 yв”Ђв–’l tecrв”њв•ќbeli,\nIsв”Ђв–’tma, Soв”ЂЕџutma, Havalandв”Ђв–’rma Tesisatlarв”Ђв–’, Sв”Ђв–’hhi Tesisat, Yangв”Ђв–’n Tesisatв”Ђв–’, Bina Mekanik Otomasyonu konularв”Ђв–’nda  saha tecrв”њв•ќbesi  olan,\nPlanlama, ha kediв”јЕџ konularв”Ђв–’nda deneyimli,\nMS Office uygulamalarв”Ђв–’na ve Autocad programв”Ђв–’na hв”њГіkim,\nEkip ve taв”јЕџeron yв”њГ‚netimi konularв”Ђв–’nda deneyimli,\nMalzeme, uygulama, test ve devreye alma konularв”Ђв–’nda tecrв”њв•ќbe sahibi, detay в”њДџв”њГ‚zв”њв•ќm bilgisi yв”њв•ќksek,\nEtkin iletiв”јЕџim becerisine sahip, insan iliв”јЕџkilerinde baв”јЕџarв”Ђв–’lв”Ђв–’, mв”њв•ќzakere yeteneв”ЂЕџi geliв”јЕџmiв”јЕџ,\nAnalitik dв”њв•ќв”јЕџв”њв•ќnebilme yeteneв”ЂЕџine sahip,\nErkek adaylar iв”њДџin askerlik ile iliв”јЕџiв”ЂЕџi olmayan,\n\n\nв”Ђв–‘в”јЕћ TANIMI \n\nSaha uygulama ve detay projelerinin hazв”Ђв–’rlatв”Ђв–’lmasв”Ђв–’nв”Ђв–’n organizasyonu,\nStatik, mimari ve elektrik imalatlarв”Ђв–’ ile koordinasyonunun saв”ЂЕџlanmasв”Ђв–’,\nTaв”јЕџeron firmanв”Ђв–’n yapmв”Ђв–’в”јЕџ olduв”ЂЕџu bв”њв•ќtв”њв•ќn imalatlarв”Ђв–’n yerinde kontrolв”њв•ќ ve denetimi,\nSatв”Ђв–’nalma teknik dosyalarв”Ђв–’nв”Ђв–’n oluв”јЕџturulmasв”Ђв–’,\nMetraj, keв”јЕџif ve hak ediв”јЕџ yapв”Ђв–’lmasв”Ђв–’ ve kontrolв”њв•ќ,\nв”Ђв–‘в”јЕџ sonu hak ediв”јЕџ dв”њв•ќzenleyip, sorunsuz в”јЕџekilde iв”јЕџ teslim onaylarв”Ђв–’nв”Ђв–’n alв”Ђв–’nmasв”Ђв–’, \nAlв”Ђв–’nan malzemelerin в”јЕџantiyeye sevk ve takibinin yapв”Ђв–’lmasв”Ђв–’,\n\n\nAday Kriterleri\nГ”Г‡Гі Tecrв”њв•ќbe\nEn az 8 yв”Ђв–’l tecrв”њв•ќbeli\nГ”Г‡Гі Eв”ЂЕџitim Seviyesi\nв”њВЈniversite(Mezun), Yв”њв•ќksek Lisans(Mezun)\nГ”Г‡Гі Askerlik Durumu\nYapв”Ђв–’ldв”Ђв–’	\N	["в”њГ§oklu Proje Yв”њГ‚netimi", "Isв”Ђв–’tma Tesisatlarв”Ђв–’", "Soв”ЂЕџutma Tesisatlarв”Ђв–’", "Havalandв”Ђв–’rma Tesisatlarв”Ђв–’", "Sв”Ђв–’hhi Tesisat", "Yangв”Ђв–’n Tesisatв”Ђв–’", "Bina Mekanik Otomasyonu", "Saha Tecrв”њв•ќbesi (Mekanik Tesisat)", "Planlama", "Hak Ediв”јЕџ (Metraj, Keв”јЕџif, Kontrol)", "MS Office", "Autocad", "Ekip Yв”њГ‚netimi", "Taв”јЕџeron Yв”њГ‚netimi", "Malzeme Bilgisi", "Uygulama Bilgisi", "Test ve Devreye Alma", "Detay в”њГ§в”њГ‚zв”њв•ќm Bilgisi", "Etkin в”Ђв–‘letiв”јЕџim Becerisi", "в”Ђв–‘nsan в”Ђв–‘liв”јЕџkileri Yв”њГ‚netimi", "Mв”њв•ќzakere Yeteneв”ЂЕџi", "Analitik Dв”њв•ќв”јЕџв”њв•ќnme", "Saha Uygulama ve Detay Projeleri Organizasyonu", "в”Ђв–‘malat Koordinasyonu (Statik, Mimari, Elektrik)", "Taв”јЕџeron в”Ђв–‘malat Kontrol ve Denetimi", "Satв”Ђв–’nalma Teknik Dosyasв”Ђв–’ Oluв”јЕџturma", "Malzeme Sevk ve Takibi", "в”Ђв–‘в”јЕџ Teslim Onaylarв”Ђв–’ Alma"]	2026-03-18 10:04:11.812	2026-03-18 10:04:11.812
6	Saha в”Ђв–‘nв”јЕџaat Mв”њв•ќhendisi	\N	ARANAN Nв”Ђв–‘TELв”Ђв–‘KLER\n\nв”њВЈniversitelerin Makine Mв”њв•ќhendisliв”ЂЕџi bв”њГ‚lв”њв•ќmlerinden mezun,\nEndв”њв•ќstriyel tesis tecrв”њв•ќbesi olan, tercihen в”њДџimento ve/veya alв”њДџв”Ђв–’,\nSaha в”Ђв–‘nв”јЕџaat Mв”њв•ќhendisi olarak min. 5 yв”Ђв–’l deneyimli, (  yurtdв”Ђв–’в”јЕџв”Ђв–’ tecrв”њв•ќbesi tercihen Afrika в”њв•ќlkeleri. )\nв”Ђв–‘yi dв”њв•ќzeyde в”Ђв–‘ngilizce okuma, yazma ve konuв”јЕџma bilgisine sahip olan,\nTercihen Fransв”Ђв–’zca bilen,\nMsOffice ve AutoCAD programlarв”Ђв–’nв”Ђв–’ etkin dв”њв•ќzeyde kullanabilen,\nPlanlama, iв”јЕџ takibi ve koordinasyon becerilerini etkin dв”њв•ќzeyde kullanabilen, sorumluluk sahibi, problem в”њДџв”њГ‚zme yeteneв”ЂЕџi geliв”јЕџmiв”јЕџ, hedef ve sonuв”њДџ odaklв”Ђв–’,\nYurt iв”њДџi ve Yurt dв”Ђв–’в”јЕџв”Ђв–’ seyahat engeli bulunmayan,\nErkek adaylar iв”њДџin askerlik hizmetini tamamlamв”Ђв–’в”јЕџ,\nв”Ђв–‘в”јЕћ TANIMI  \n\nTв”њв•ќm saha aktivitelerinin gв”њв•ќnlв”њв•ќk / haftalв”Ђв–’k ve aylв”Ђв–’k plan ve programв”Ђв–’nв”Ђв–’n yapв”Ђв–’lmasв”Ђв–’, в”јЕџantiyenin sevk ve idaresi,\nTв”њв•ќm disiplinler arasв”Ђв–’ iв”јЕџ bв”њГ‚lв”њв•ќmв”њв•ќnв”њв•ќn yapв”Ђв–’lmasв”Ђв–’,\nYurt iв”њДџi ve yurt dв”Ђв–’в”јЕџв”Ђв–’ satв”Ђв–’nalma takibinin yapв”Ђв–’lmasв”Ђв–’,\nMв”њв•ќв”јЕџavir ve в”Ђв–‘в”јЕџveren firma ile gerekli saha koordinasyonunun yapв”Ђв–’lmasв”Ђв–’,\nв”Ђв–‘в”јЕџ programв”Ђв–’na gв”њГ‚re malzeme teminlerinin planlanmasв”Ђв–’,	\N	["в”Ђв–‘ngilizce (в”Ђв–‘yi Dв”њв•ќzey)", "Fransв”Ђв–’zca (Tercihen)", "MsOffice", "AutoCAD", "Planlama", "в”Ђв–‘в”јЕџ Takibi", "Koordinasyon", "Sorumluluk Sahibi", "Problem в”њГ§в”њГ‚zme", "Hedef Odaklв”Ђв–’", "Sonuв”њДџ Odaklв”Ђв–’"]	2026-03-18 10:11:13.164	2026-03-18 10:11:13.164
7	Saha в”Ђв–‘nв”јЕџaat Mв”њв•ќhendisi	\N	ARANAN Nв”Ђв–‘TELв”Ђв–‘KLER\n\nв”њВЈniversitelerin Makine Mв”њв•ќhendisliв”ЂЕџi bв”њГ‚lв”њв•ќmlerinden mezun,\nEndв”њв•ќstriyel tesis tecrв”њв•ќbesi olan, tercihen в”њДџimento ve/veya alв”њДџв”Ђв–’,\nSaha в”Ђв–‘nв”јЕџaat Mв”њв•ќhendisi olarak min. 5 yв”Ђв–’l deneyimli, (  yurtdв”Ђв–’в”јЕџв”Ђв–’ tecrв”њв•ќbesi tercihen Afrika в”њв•ќlkeleri. )\nв”Ђв–‘yi dв”њв•ќzeyde в”Ђв–‘ngilizce okuma, yazma ve konuв”јЕџma bilgisine sahip olan,\nTercihen Fransв”Ђв–’zca bilen,\nMsOffice ve AutoCAD programlarв”Ђв–’nв”Ђв–’ etkin dв”њв•ќzeyde kullanabilen,\nPlanlama, iв”јЕџ takibi ve koordinasyon becerilerini etkin dв”њв•ќzeyde kullanabilen, sorumluluk sahibi, problem в”њДџв”њГ‚zme yeteneв”ЂЕџi geliв”јЕџmiв”јЕџ, hedef ve sonuв”њДџ odaklв”Ђв–’,\nYurt iв”њДџi ve Yurt dв”Ђв–’в”јЕџв”Ђв–’ seyahat engeli bulunmayan,\nErkek adaylar iв”њДџin askerlik hizmetini tamamlamв”Ђв–’в”јЕџ,\nв”Ђв–‘в”јЕћ TANIMI  \n\nTв”њв•ќm saha aktivitelerinin gв”њв•ќnlв”њв•ќk / haftalв”Ђв–’k ve aylв”Ђв–’k plan ve programв”Ђв–’nв”Ђв–’n yapв”Ђв–’lmasв”Ђв–’, в”јЕџantiyenin sevk ve idaresi,\nTв”њв•ќm disiplinler arasв”Ђв–’ iв”јЕџ bв”њГ‚lв”њв•ќmв”њв•ќnв”њв•ќn yapв”Ђв–’lmasв”Ђв–’,\nYurt iв”њДџi ve yurt dв”Ђв–’в”јЕџв”Ђв–’ satв”Ђв–’nalma takibinin yapв”Ђв–’lmasв”Ђв–’,\nMв”њв•ќв”јЕџavir ve в”Ђв–‘в”јЕџveren firma ile gerekli saha koordinasyonunun yapв”Ђв–’lmasв”Ђв–’,\nв”Ђв–‘в”јЕџ programв”Ђв–’na gв”њГ‚re malzeme teminlerinin planlanmasв”Ђв–’,	\N	["в”Ђв–‘ngilizce (iyi dв”њв•ќzey)", "Fransв”Ђв–’zca (tercihen)", "MsOffice kullanв”Ђв–’mв”Ђв–’", "AutoCAD kullanв”Ђв–’mв”Ђв–’", "Planlama", "в”Ђв–‘в”јЕџ takibi", "Koordinasyon", "Problem в”њДџв”њГ‚zme", "Sorumluluk", "Hedef ve sonuв”њДџ odaklв”Ђв–’lв”Ђв–’k"]	2026-03-18 10:43:54.325	2026-03-18 10:43:54.325
8	Saha в”Ђв–‘nв”јЕџaat Mв”њв•ќhendisi	\N	ARANAN Nв”Ђв–‘TELв”Ђв–‘KLER\n\nв”њВЈniversitelerin Makine Mв”њв•ќhendisliв”ЂЕџi bв”њГ‚lв”њв•ќmlerinden mezun,\nEndв”њв•ќstriyel tesis tecrв”њв•ќbesi olan, tercihen в”њДџimento ve/veya alв”њДџв”Ђв–’,\nSaha в”Ђв–‘nв”јЕџaat Mв”њв•ќhendisi olarak min. 5 yв”Ђв–’l deneyimli, (  yurtdв”Ђв–’в”јЕџв”Ђв–’ tecrв”њв•ќbesi tercihen Afrika в”њв•ќlkeleri. )\nв”Ђв–‘yi dв”њв•ќzeyde в”Ђв–‘ngilizce okuma, yazma ve konuв”јЕџma bilgisine sahip olan,\nTercihen Fransв”Ђв–’zca bilen,\nMsOffice ve AutoCAD programlarв”Ђв–’nв”Ђв–’ etkin dв”њв•ќzeyde kullanabilen,\nPlanlama, iв”јЕџ takibi ve koordinasyon becerilerini etkin dв”њв•ќzeyde kullanabilen, sorumluluk sahibi, problem в”њДџв”њГ‚zme yeteneв”ЂЕџi geliв”јЕџmiв”јЕџ, hedef ve sonuв”њДџ odaklв”Ђв–’,\nYurt iв”њДџi ve Yurt dв”Ђв–’в”јЕџв”Ђв–’ seyahat engeli bulunmayan,\nErkek adaylar iв”њДџin askerlik hizmetini tamamlamв”Ђв–’в”јЕџ,\nв”Ђв–‘в”јЕћ TANIMI  \n\nTв”њв•ќm saha aktivitelerinin gв”њв•ќnlв”њв•ќk / haftalв”Ђв–’k ve aylв”Ђв–’k plan ve programв”Ђв–’nв”Ђв–’n yapв”Ђв–’lmasв”Ђв–’, в”јЕџantiyenin sevk ve idaresi,\nTв”њв•ќm disiplinler arasв”Ђв–’ iв”јЕџ bв”њГ‚lв”њв•ќmв”њв•ќnв”њв•ќn yapв”Ђв–’lmasв”Ђв–’,\nYurt iв”њДџi ve yurt dв”Ђв–’в”јЕџв”Ђв–’ satв”Ђв–’nalma takibinin yapв”Ђв–’lmasв”Ђв–’,\nMв”њв•ќв”јЕџavir ve в”Ђв–‘в”јЕџveren firma ile gerekli saha koordinasyonunun yapв”Ђв–’lmasв”Ђв–’,\nв”Ђв–‘в”јЕџ programв”Ђв–’na gв”њГ‚re malzeme teminlerinin planlanmasв”Ђв–’,	\N	["в”Ђв–‘ngilizce (iyi dв”њв•ќzeyde)", "Fransв”Ђв–’zca (tercihen)", "MsOffice kullanв”Ђв–’mв”Ђв–’ (etkin)", "AutoCAD kullanв”Ђв–’mв”Ђв–’ (etkin)", "Planlama becerisi", "в”Ђв–‘в”јЕџ takibi becerisi", "Koordinasyon becerisi", "Sorumluluk sahibi olma", "Problem в”њДџв”њГ‚zme yeteneв”ЂЕџi", "Hedef ve sonuв”њДџ odaklв”Ђв–’lв”Ђв–’k"]	2026-03-18 10:52:46.008	2026-03-18 10:52:46.008
\.


--
-- Data for Name: Post; Type: TABLE DATA; Schema: public; Owner: sude
--

COPY public."Post" (id, content, "authorId", "createdAt") FROM stdin;
1		3	2026-03-05 07:34:21.758
2	cv'mi inceleyin	4	2026-03-05 07:45:20.018
\.


--
-- Data for Name: PostImage; Type: TABLE DATA; Schema: public; Owner: sude
--

COPY public."PostImage" (id, url, "fileId", "postId", "createdAt") FROM stdin;
1	https://drive.google.com/uc?export=view&id=152j7CIowR8x9vLFsZb5hHxG4eIOKKUtF	152j7CIowR8x9vLFsZb5hHxG4eIOKKUtF	1	2026-03-05 07:34:21.758
\.


--
-- Data for Name: Profile; Type: TABLE DATA; Schema: public; Owner: sude
--

COPY public."Profile" (id, bio, phone, "userId") FROM stdin;
\.


--
-- Data for Name: ProfileImage; Type: TABLE DATA; Schema: public; Owner: sude
--

COPY public."ProfileImage" (id, url, "fileId", "userId", "createdAt", "updatedAt") FROM stdin;
\.


--
-- Data for Name: TailoredCV; Type: TABLE DATA; Schema: public; Owner: sude
--

COPY public."TailoredCV" (id, "userId", "jobPostingId", "originalCvId", "atsScore", "improvedSummary", "createdAt", "updatedAt", "fileId") FROM stdin;
3	3	3	18	\N	Uygulamalв”Ђв–’ Yapay Zeka Mв”њв•ќhendisi olarak kariyer hedefleyen, Bilgisayar Mв”њв•ќhendisliв”ЂЕџi son sв”Ђв–’nв”Ђв–’f в”њГ‚в”ЂЕџrencisiyim. Python, makine в”њГ‚в”ЂЕџrenimi ve derin в”њГ‚в”ЂЕџrenme modellerini tasarlama, geliв”јЕџtirme ve в”њв•ќretim sistemlerine daв”ЂЕџв”Ђв–’tma konusunda gв”њв•ќв”њДџlв”њв•ќ bir yetkinliв”ЂЕџe sahibim. Bв”њв•ќyв”њв•ќk в”њГ‚lв”њДџekli veri setleri в”њв•ќzerinde в”њДџalв”Ђв–’в”јЕџarak veri iв”јЕџlem hattв”Ђв–’ (data pipeline) oluв”јЕџturma, API entegrasyonu ve model performans optimizasyonu konularв”Ђв–’nda deneyimliyim. Uzak (remote) в”њДџalв”Ђв–’в”јЕџma ortamв”Ђв–’nda iв”јЕџbirlikв”њДџi geliв”јЕџtirme araв”њДџlarв”Ђв–’ ve versiyon kontrol sistemleri kullanarak gerв”њДџek dв”њв•ќnya iв”јЕџ problemlerine в”њГ‚lв”њДџeklenebilir ve gв”њв•ќvenilir yapay zeka в”њДџв”њГ‚zв”њв•ќmleri в”њв•ќretmeye hazв”Ђв–’rв”Ђв–’m.	2026-03-16 12:22:40.088	2026-03-16 13:07:17.743	1EAQYh8s2wqJo9HX9rXqFigor8g8w2ZJu
2	3	2	18	\N	Son sв”Ђв–’nв”Ђв–’f Bilgisayar Mв”њв•ќhendisliв”ЂЕџi в”њГ‚в”ЂЕџrencisi olarak, Node.js ve Express.js tabanlв”Ђв–’ kapsamlв”Ђв–’ projelerde edindiв”ЂЕџim tam yв”Ђв–’в”ЂЕџв”Ђв–’n geliв”јЕџtirme tecrв”њв•ќbelerimi, Nodelabs Software'in dinamik startup ortamв”Ђв–’na taв”јЕџв”Ђв–’maya hazв”Ђв–’rв”Ђв–’m. в”њГ»lв”њДџeklenebilir backend servisleri geliв”јЕџtirmede, veritabanв”Ђв–’ yв”њГ‚netimi (iliв”јЕџkisel ve NoSQL'e adaptasyon), API entegrasyonlarв”Ђв–’ ve temel dв”њв•ќzeyde frontend (ReactJS ve yв”њГ‚netim paneli в”јЕџablonlarв”Ђв–’) yetkinim. Temiz kod prensipleriyle в”њДџalв”Ђв–’в”јЕџarak, performans odaklв”Ђв–’ в”њДџв”њГ‚zв”њв•ќmler в”њв•ќretmeyi ve yenilikв”њДџi mobil uygulamalarв”Ђв–’n bв”њв•ќyв”њв•ќmesine anlamlв”Ђв–’ katkв”Ђв–’lar saв”ЂЕџlamayв”Ђв–’ hedefliyorum.	2026-03-16 08:39:20.084	2026-03-18 09:42:14.01	17nH7A2-FS0h9AUWEkjdWFCJhJCXZzc2X
1	3	1	18	\N	Son sв”Ђв–’nв”Ђв–’f Bilgisayar Mв”њв•ќhendisliв”ЂЕџi в”њГ‚в”ЂЕџrencisi olarak, в”њГ‚zellikle Node.js ve Express.js tabanlв”Ђв–’ backend geliв”јЕџtirme ile gв”њв•ќв”њДџlв”њв•ќ bir full-stack yetkinliв”ЂЕџine sahibim. в”Ђв–‘liв”јЕџkisel veritabanв”Ђв–’ tasarв”Ђв–’mв”Ђв–’ (MySQL, Sequelize ORM) ve yв”њГ‚netiminde deneyimliyim ve modern в”њГ‚n yв”њв•ќz teknolojilerine (EJS, Bootstrap) aв”јЕџinalв”Ђв–’в”ЂЕџв”Ђв–’m var. Geliв”јЕџtirdiв”ЂЕџim projelerde в”њГ‚lв”њДџeklenebilir, performans odaklв”Ђв–’ sistemler kurmaya ve modв”њв•ќler kod yazв”Ђв–’mв”Ђв–’na odaklandв”Ђв–’m. Dinamik bir startup ortamв”Ђв–’nda sorumluluk alarak yenilikв”њДџi mobil uygulama ve altyapв”Ђв–’ projelerine katkв”Ђв–’da bulunmaya hazв”Ђв–’rв”Ђв–’m.	2026-03-16 08:25:26.361	2026-03-18 09:57:39.062	1FBp8sFawCkKM6us96IIfjnj12SioxcW5
6	3	7	21	\N	Makine mв”њв•ќhendisliв”ЂЕџi alanв”Ђв–’nda 12 yв”Ђв–’lв”Ђв–’ aв”јЕџkв”Ђв–’n saha ve proje yв”њГ‚netimi deneyimine sahip bir mв”њв•ќhendis olarak, endв”њв•ќstriyel tesislerde в”њв•ќretim sв”њв•ќreв”њДџlerinin optimizasyonu, mekanik tasarв”Ђв–’m projelerinin liderliв”ЂЕџi ve sahada operasyonel sorun giderme konularв”Ђв–’nda kapsamlв”Ђв–’ bilgi birikimine sahibim. Gв”њв•ќв”њДџlв”њв•ќ analitik dв”њв•ќв”јЕџв”њв•ќnme, problem в”њДџв”њГ‚zme, planlama ve koordinasyon becerilerimle projeleri zamanв”Ђв–’nda ve bв”њв•ќtв”њДџe dahilinde yв”њГ‚neterek hedefe yв”њГ‚nelik sonuв”њДџlar elde ettim. Yurt iв”њДџi ve yurt dв”Ђв–’в”јЕџв”Ђв–’ seyahat engelim bulunmamakta olup, uluslararasв”Ђв–’ saha mв”њв•ќhendisliв”ЂЕџi projelerinde etkin rol almaya istekliyim.	2026-03-18 10:44:29.023	2026-03-18 10:44:29.023	\N
7	3	7	21	\N	Makine mв”њв•ќhendisliв”ЂЕџi alanв”Ђв–’nda 12 yв”Ђв–’lв”Ђв–’ aв”јЕџkв”Ђв–’n saha ve proje yв”њГ‚netimi deneyimine sahip bir mв”њв•ќhendis olarak, endв”њв•ќstriyel tesislerde в”њв•ќretim sв”њв•ќreв”њДџlerinin optimizasyonu, mekanik tasarв”Ђв–’m projelerinin liderliв”ЂЕџi ve sahada operasyonel sorun giderme konularв”Ђв–’nda kapsamlв”Ђв–’ bilgi birikimine sahibim. Gв”њв•ќв”њДџlв”њв•ќ analitik dв”њв•ќв”јЕџв”њв•ќnme, problem в”њДџв”њГ‚zme, planlama ve koordinasyon becerilerimle projeleri zamanв”Ђв–’nda ve bв”њв•ќtв”њДџe dahilinde yв”њГ‚neterek hedefe yв”њГ‚nelik sonuв”њДџlar elde ettim. Yurt iв”њДџi ve yurt dв”Ђв–’в”јЕџв”Ђв–’ seyahat engelim bulunmamakta olup, uluslararasв”Ђв–’ saha mв”њв•ќhendisliв”ЂЕџi projelerinde etkin rol almaya istekliyim.	2026-03-18 10:44:39.397	2026-03-18 10:44:39.397	\N
9	3	8	21	\N	Makine Mв”њв•ќhendisliв”ЂЕџi alanв”Ђв–’nda edindiв”ЂЕџim 12 yв”Ђв–’llв”Ђв–’k kapsamlв”Ђв–’ deneyimle, в”њГ‚zellikle endв”њв•ќstriyel tesis projelerinde tasarв”Ђв–’m, в”њв•ќretim sв”њв•ќreв”њДџleri yв”њГ‚netimi ve verimlilik optimizasyonu konularв”Ђв–’nda uzmanlaв”јЕџtв”Ђв–’m. Analitik dв”њв•ќв”јЕџв”њв•ќnme ve geliв”јЕџmiв”јЕџ problem в”њДџв”њГ‚zme yeteneв”ЂЕџimi, karmaв”јЕџв”Ђв–’k projelerin planlanmasв”Ђв–’, iв”јЕџ takibi ve tв”њв•ќm paydaв”јЕџlar arasв”Ђв–’ koordinasyonunda etkin bir в”јЕџekilde kullandв”Ђв–’m. Saha operasyonlarв”Ђв–’nв”Ђв–’n dinamiklerine hв”Ђв–’zla adapte olabilen, hedef ve sonuв”њДџ odaklв”Ђв–’ bir profesyonel olarak, yurt iв”њДџi ve yurt dв”Ђв–’в”јЕџв”Ђв–’ inв”јЕџaat/tesis projelerinde saha yв”њГ‚netim sв”њв•ќreв”њДџlerine katkв”Ђв–’ saв”ЂЕџlamaya istekliyim. в”Ђв–‘yi derecede в”Ђв–‘ngilizce ve temel Fransв”Ђв–’zca bilgisine sahibim.	2026-03-18 10:55:58.196	2026-03-18 10:55:58.196	\N
8	3	7	21	\N	Makine mв”њв•ќhendisliв”ЂЕџi alanв”Ђв–’nda 12 yв”Ђв–’lв”Ђв–’ aв”јЕџkв”Ђв–’n saha ve proje yв”њГ‚netimi deneyimine sahip bir mв”њв•ќhendis olarak, endв”њв•ќstriyel tesislerde в”њв•ќretim sв”њв•ќreв”њДџlerinin optimizasyonu, mekanik tasarв”Ђв–’m projelerinin liderliв”ЂЕџi ve sahada operasyonel sorun giderme konularв”Ђв–’nda kapsamlв”Ђв–’ bilgi birikimine sahibim. Gв”њв•ќв”њДџlв”њв•ќ analitik dв”њв•ќв”јЕџв”њв•ќnme, problem в”њДџв”њГ‚zme, planlama ve koordinasyon becerilerimle projeleri zamanв”Ђв–’nda ve bв”њв•ќtв”њДџe dahilinde yв”њГ‚neterek hedefe yв”њГ‚nelik sonuв”њДџlar elde ettim. Yurt iв”њДџi ve yurt dв”Ђв–’в”јЕџв”Ђв–’ seyahat engelim bulunmamakta olup, uluslararasв”Ђв–’ saha mв”њв•ќhendisliв”ЂЕџi projelerinde etkin rol almaya istekliyim.	2026-03-18 10:52:25.325	2026-03-18 10:56:21.723	1YCtO0UnJA1GWpFDAxt0xfJKyR41htog-
\.


--
-- Data for Name: TailoredCVEntry; Type: TABLE DATA; Schema: public; Owner: sude
--

COPY public."TailoredCVEntry" (id, "tailoredCvId", category, name, description, "isModified", "aiComment", "createdAt") FROM stdin;
1	1	SKILL	Belirtilmemiв”јЕџ	Node.js, JavaScript (ES6+), Python, SQL	t	в”Ђв–‘в”јЕџ ilanв”Ђв–’nda Node.js ve JavaScript anahtar teknolojiler olduв”ЂЕџundan, bu becerileri programlama dilleri arasв”Ђв–’nda en baв”јЕџa alarak ve gв”њв•ќncel JavaScript (ES6+) vurgusu yaparak adayв”Ђв–’n yetkinliв”ЂЕџini в”њГ‚n plana в”њДџв”Ђв–’karв”Ђв–’r.	2026-03-16 08:25:26.379
2	1	SKILL	Belirtilmemiв”јЕџ	Sequelize ORM (iliв”јЕџkisel veritabanlarв”Ђв–’ iв”њДџin), Express.js (API geliв”јЕџtirme), Pandas, NumPy	t	в”Ђв–‘в”јЕџ ilanв”Ђв–’ndaki backend ve veritabanв”Ђв–’ gereksinimleri doв”ЂЕџrultusunda Sequelize ORM ve Express.js kullanв”Ђв–’mв”Ђв–’ndaki yetkinliв”ЂЕџi vurgular. Diв”ЂЕџer veri bilimi kв”њв•ќtв”њв•ќphaneleri daha az в”њГ‚ncelikli olsa da, genel programlama yeteneв”ЂЕџini gв”њГ‚sterir.	2026-03-16 08:25:26.379
3	1	SKILL	Belirtilmemiв”јЕџ	Makine в”њГ»в”ЂЕџrenimi ve Derin в”њГ»в”ЂЕџrenim algoritmalarв”Ђв–’ geliв”јЕџtirme (verimli modelleme ve optimizasyon deneyimi), Doв”ЂЕџal Dil в”Ђв–‘в”јЕџleme	t	Adayв”Ђв–’n veri bilimi becerileri gв”њв•ќв”њДџlв”њв•ќ olsa da, iв”јЕџ ilanв”Ђв–’ daha в”њДџok full-stack geliв”јЕџtirmeye odaklandв”Ђв–’в”ЂЕџв”Ђв–’ iв”њДџin, bu yeteneklerin yazв”Ђв–’lв”Ђв–’m geliв”јЕџtirme ve problem в”њДџв”њГ‚zme baв”ЂЕџlamв”Ђв–’ndaki katkв”Ђв–’larв”Ђв–’ vurgulanarak daha alakalв”Ђв–’ hale getirilebilir.	2026-03-16 08:25:26.379
4	1	SKILL	Belirtilmemiв”јЕџ	Node.js, Express.js (RESTful API geliв”јЕџtirme, в”њГ‚lв”њДџeklenebilir backend mimarileri), Modв”њв•ќler Kod Yazв”Ђв–’mв”Ђв–’	t	в”Ђв–‘в”јЕџ ilanв”Ђв–’nda aranan temel backend teknolojileri olan Node.js ve Express.js'i, ilandaki 'API geliв”јЕџtirme' ve 'modв”њв•ќler kod yazв”Ђв–’mв”Ђв–’' gibi anahtar ifadelerle birleв”јЕџtirerek adayв”Ђв–’n bu alandaki derinliв”ЂЕџini ve yetkinliв”ЂЕџini gв”њГ‚sterir.	2026-03-16 08:25:26.379
5	1	SKILL	Belirtilmemiв”јЕџ	HTML5, CSS3, JavaScript, EJS (Sunucu Tabanlв”Ђв–’ в”јЕћablonlama), Bootstrap 5, Responsive Design, Temel dв”њв•ќzeyde ReactJS ve hazв”Ђв–’r admin panel в”јЕџablonlarв”Ђв–’ (dashboard entegrasyonu)	t	в”Ђв–‘в”јЕџ ilanв”Ђв–’nda belirtilen temel ReactJS bilgisi ve hazв”Ђв–’r admin panel в”јЕџablonlarв”Ђв–’ kullanma tecrв”њв•ќbesi beklentisine yanв”Ђв–’t verir. Adayв”Ђв–’n mevcut Frontend becerilerini iв”јЕџ ilanв”Ђв–’nв”Ђв–’n gereklilikleriyle daha uyumlu hale getirir.	2026-03-16 08:25:26.379
6	1	SKILL	Belirtilmemiв”јЕџ	MySQL, в”Ђв–‘liв”јЕџkisel Veritabanв”Ђв–’ Tasarв”Ђв–’mв”Ђв–’, Sequelize ORM. NoSQL (MongoDB) ve mesaj kuyruk sistemleri (RabbitMQ), cache (Redis) mimarilerine в”њГ‚в”ЂЕџrenmeye aв”њДџв”Ђв–’k ve hв”Ђв–’zlв”Ђв–’ adapte olabilme yeteneв”ЂЕџi.	t	в”Ђв–‘в”јЕџ ilanв”Ђв–’nda vurgulanan MongoDB, Redis, RabbitMQ ve Elasticsearch gibi NoSQL ve daв”ЂЕџв”Ђв–’tв”Ђв–’k sistem teknolojilerine direkt deneyimi olmasa da, gв”њв•ќв”њДџlв”њв•ќ iliв”јЕџkisel veritabanв”Ђв–’ altyapв”Ђв–’sв”Ђв–’yla bu yeni teknolojileri hв”Ђв–’zlв”Ђв–’ca в”њГ‚в”ЂЕџrenebileceв”ЂЕџini ve adapte olabileceв”ЂЕџini gв”њГ‚stererek adayв”Ђв–’n esnekliв”ЂЕџini vurgular.	2026-03-16 08:25:26.379
7	1	PROJECT	Uв”њДџuв”јЕџ Gecikmesi Tahmini: Bв”њв•ќyв”њв•ќk в”њГ»lв”њДџekli Veri в”Ђв–‘в”јЕџleme ve Web Daв”ЂЕџв”Ђв–’tв”Ђв–’mв”Ђв–’	Python, Scikit-Learn, PyTorch, XGBoost, TimesFM, Flask ile uв”њДџuв”јЕџ gecikmesi tahmini: 454.000+ uв”њДџuв”јЕџ kaydв”Ђв–’ ve gerв”њДџek zamanlв”Ђв–’ meteorolojik verileri entegre eden **bв”њв•ќyв”њв•ќk в”њГ‚lв”њДџekli bir veri hattв”Ђв–’** oluв”јЕџturuldu. Yв”њв•ќksek doв”ЂЕџrulukta regresyon modelleri geliв”јЕџtirilerek %91.9 Rв”¬в–“ skoru elde edildi. Flask kullanarak kullanв”Ђв–’cв”Ђв–’ dostu bir **web uygulamasв”Ђв–’ olarak daв”ЂЕџв”Ђв–’tв”Ђв–’mв”Ђв–’** yapв”Ђв–’ldв”Ђв–’, dinamik gecikme tahminleri saв”ЂЕџlandв”Ђв–’.	t	Bu proje, adaydaki gв”њв•ќв”њДџlв”њв•ќ veri iв”јЕџleme, yazв”Ђв–’lв”Ђв–’m mimarisi ve daв”ЂЕџв”Ђв–’tв”Ђв–’m yeteneklerini gв”њГ‚sterse de, Full Stack rolв”њв•ќ iв”њДџin kritik olmayan makine в”њГ‚в”ЂЕџrenimi detaylarв”Ђв–’nв”Ђв–’ azaltarak, projenin yazв”Ђв–’lв”Ђв–’m mв”њв•ќhendisliв”ЂЕџi ve API entegrasyonu yв”њГ‚nlerini daha belirgin hale getirir.	2026-03-16 08:25:26.379
8	1	PROJECT	NoteHub Г”Г‡Гґ Eв”ЂЕџitim Yв”њГ‚netim Platformu (LMS)	Node.js, Express, MySQL, Sequelize ORM, EJS (MVC Mimarisi) kullanв”Ђв–’larak geliв”јЕџtirilen kapsamlв”Ђв–’ bir Eв”ЂЕџitim Yв”њГ‚netim Sistemi (LMS) projesi:\nГ”Г‡Гі Node.js ve Express ile в”њГ‚lв”њДџeklenebilir ve **modв”њв•ќler bir MVC yapв”Ђв–’sв”Ђв–’** ile **backend servisleri** geliв”јЕџtirildi.\nГ”Г‡Гі RBAC (Role-Based Access Control) gibi gв”њв•ќв”њДџlв”њв•ќ gв”њв•ќvenlik в”њГ‚zellikleri ve в”њДџatв”Ђв–’в”јЕџmasв”Ђв–’z randevu planlama algoritmasв”Ђв–’ tasarlandв”Ђв–’. **Temiz, okunabilir ve sв”њв•ќrdв”њв•ќrв”њв•ќlebilir kod** yazв”Ђв–’mв”Ђв–’na odaklanв”Ђв–’ldв”Ђв–’.\nГ”Г‡Гі Kaynak paylaв”јЕџв”Ђв–’mв”Ђв–’, в”њГ‚dev gв”њГ‚nderimleri ve kullanв”Ђв–’cв”Ђв–’ verilerini etkin bir в”јЕџekilde yв”њГ‚netmek iв”њДџin MySQL ve Sequelize ORM ile karmaв”јЕџв”Ђв–’k **iliв”јЕџkisel veritabanв”Ђв–’ в”јЕџemalarв”Ђв–’** oluв”јЕџturuldu. **NoSQL (MongoDB) veritabanlarв”Ђв–’na adapte olabilme** yeteneв”ЂЕџi kazanв”Ђв–’ldв”Ђв–’.	t	Bu proje, iв”јЕџ ilanв”Ђв–’ndaki Node.js, Express.js, backend geliв”јЕџtirme, veritabanв”Ђв–’ yв”њГ‚netimi ve sв”њв•ќrdв”њв•ќrв”њв•ќlebilir kod yazв”Ђв–’mв”Ђв–’ gibi birв”њДџok anahtar gereksinimle doв”ЂЕџrudan в”њГ‚rtв”њв•ќв”јЕџmektedir. Aв”њДџв”Ђв–’klamayв”Ђв–’ iв”јЕџ ilanв”Ђв–’ndaki terimlerle zenginleв”јЕџtirerek adayв”Ђв–’n bu alandaki deneyimini ve potansiyelini daha net vurgular.	2026-03-16 08:25:26.379
9	1	PROJECT	Tв”њв•ќrkв”њДџe в”јЕћarkв”Ђв–’ Sв”њГ‚zleri Duygu Analizi (BERT ile)	NLP, BERT, Transfer Learning, Flask, Web Scraping kullanв”Ђв–’larak Tв”њв•ќrkв”њДџe в”јЕџarkв”Ђв–’ sв”њГ‚zleri iв”њДџin **uв”њДџtan uca bir duygu analizi sistemi**:\nГ”Г‡Гі Transfer в”њГ»в”ЂЕџrenimi teknikleri kullanв”Ђв–’larak Tв”њв•ќrkв”њДџe в”јЕџarkв”Ђв–’ sв”њГ‚zleri iв”њДџin в”њДџok sв”Ђв–’nв”Ђв–’flв”Ђв–’ bir duygu sв”Ђв–’nв”Ђв–’flandв”Ђв–’rma sistemi geliв”јЕџtirildi.\nГ”Г‡Гі Ham web'den kazв”Ђв–’nan verileri otomatik olarak etiketlemek iв”њДџin Sв”Ђв–’fв”Ђв–’r в”њГ§ekim в”њГ»в”ЂЕџrenimi (Pseudo-Labeling) uygulandв”Ђв–’, yв”њв•ќksek kaliteli bir eв”ЂЕџitim veri seti oluв”јЕџturuldu.\nГ”Г‡Гі в”њГ»nceden eв”ЂЕџitilmiв”јЕџ bir BERT mimarisi ince ayarlandв”Ђв–’ ve Flask kullanarak **gerв”њДџek zamanlв”Ђв–’ bir RESTful API** olarak daв”ЂЕџв”Ђв–’tв”Ђв–’mв”Ђв–’ yapв”Ђв–’ldв”Ђв–’.	t	Veri bilimi aв”ЂЕџв”Ђв–’rlв”Ђв–’klв”Ђв–’ olsa da, projenin 'uв”њДџtan uca pipeline', 'veri mв”њв•ќhendisliв”ЂЕџi' ve 'Flask ile RESTful API daв”ЂЕџв”Ђв–’tв”Ђв–’mв”Ђв–’' gibi yazв”Ђв–’lв”Ђв–’m mв”њв•ќhendisliв”ЂЕџi yв”њГ‚nleri в”њГ‚n plana в”њДџв”Ђв–’karв”Ђв–’larak, adayв”Ђв–’n genel geliв”јЕџtirme yetkinliв”ЂЕџi vurgulanв”Ђв–’r.	2026-03-16 08:25:26.379
10	1	PROJECT	Yapay Zeka Destekli Kimlik Avв”Ђв–’ Tespit ve Kategorizasyon Sistemi	Derin в”њГ»в”ЂЕџrenme (XLM-RoBERTa), LLM (Mistral), Siber Gв”њв•ќvenlik ile yapay zeka destekli bir kimlik avв”Ђв–’ tespit ve kategorizasyon sistemi:\nГ”Г‡Гі Derin в”њГ»в”ЂЕџrenme (XLM-RoBERTa) ile kural tabanlв”Ђв–’ в”њГ‚zellik в”њДџв”Ђв–’karma (URL analizi, IP kullanв”Ђв–’mв”Ђв–’) birleв”јЕџtiren hibrit bir tespit motoru geliв”јЕџtirildi.\nГ”Г‡Гі Hem ikili sв”Ђв–’nв”Ђв–’flandв”Ђв–’rma (Gв”њв•ќvenli vs. Kimlik Avв”Ђв–’) hem de kв”њГ‚tв”њв•ќ amaв”њДџlв”Ђв–’ iв”њДџerik iв”њДџin ayrв”Ђв–’ntв”Ђв–’lв”Ђв–’ kategori tahmini yapacak bir model tasarlandв”Ђв–’.\nГ”Г‡Гі Kullanв”Ђв–’cв”Ђв–’lara tespit edilen gв”њв•ќvenlik tehditleri iв”њДџin insan tarafв”Ђв–’ndan okunabilir aв”њДџв”Ђв–’klamalar saв”ЂЕџlamak в”њв•ќzere isteв”ЂЕџe baв”ЂЕџlв”Ђв–’ bir Mistral LLM ile entegre, **interaktif bir web arayв”њв•ќzв”њв•ќ** uygulandв”Ђв–’.	t	Bu projenin karmaв”јЕџв”Ђв–’k sistem tasarв”Ђв–’mв”Ђв–’, web arayв”њв•ќzв”њв•ќ entegrasyonu ve ileri dв”њв•ќzey teknolojileri (LLM) kullanma becerisi, adayв”Ђв–’n Full Stack Developer rolв”њв•ќnde deв”ЂЕџer katabilecek analitik ve teknik yeteneklerini sergiler.	2026-03-16 08:25:26.379
11	1	EXPERIENCE	Belirtilmemiв”јЕџ	Practicus AI platformunu kullanarak ham veri alв”Ђв–’mв”Ђв–’ndan model eв”ЂЕџitimine kadar **uв”њДџtan uca bir veri bilimi yaв”јЕџam dв”њГ‚ngв”њв•ќsв”њв•ќ**nв”њв•ќ yв”њв•ќrв”њв•ќttв”њв•ќm. Makine в”њГ‚в”ЂЕџrenimi gв”њГ‚revleri iв”њДџin yв”њв•ќksek kaliteli veri setleri hazв”Ђв–’rlamak в”њв•ќzere titiz veri temizleme, eksik deв”ЂЕџer analizi ve aykв”Ђв–’rв”Ђв–’ deв”ЂЕџer tespiti yaptв”Ђв–’m. в”Ђв–‘в”јЕџlenen veri setleri в”њв•ќzerinde denetimli в”њГ‚в”ЂЕџrenme modelleri eв”ЂЕџittim ve tahmin doв”ЂЕџruluв”ЂЕџunu optimize etmek iв”њДџin performans metriklerini analiz ettim. Veri manipв”њв•ќlasyonu, istatistiksel analiz ve в”њГ‚zellik mв”њв•ќhendisliв”ЂЕџi iв”њДџin **Python (Pandas, Scikit-learn) ve SQL** kullandв”Ђв–’m.	t	Bu deneyim veri bilimi aв”ЂЕџв”Ђв–’rlв”Ђв–’klв”Ђв–’ olsa da, adayв”Ђв–’n 'uв”њДџtan uca geliв”јЕџtirme sв”њв•ќreci', 'veri iв”јЕџleme' ve 'SQL' yeteneklerini vurgulayarak, bir Full Stack Developer olarak veri entegrasyonu ve yв”њГ‚netimindeki potansiyelini ortaya koyar. Ayrв”Ђв–’ca, yazв”Ђв–’lв”Ђв–’m geliв”јЕџtirme metodolojilerine olan aв”јЕџinalв”Ђв–’в”ЂЕџв”Ђв–’nв”Ђв–’ da destekler.	2026-03-16 08:25:26.379
12	2	EXPERIENCE	Belirtilmemiв”јЕџ	Uв”њДџtan Uca Yazв”Ђв–’lв”Ђв–’m Geliв”јЕџtirme Yaв”јЕџam Dв”њГ‚ngв”њв•ќsв”њв•ќ: Veri alв”Ђв–’mв”Ђв–’ndan model daв”ЂЕџв”Ђв–’tв”Ђв–’mв”Ђв–’na kadar tв”њв•ќm sв”њв•ќreв”њДџleri iв”њДџeren bir platformda в”њДџalв”Ђв–’в”јЕџtв”Ђв–’m, bu sв”њв•ќreв”њДџte analitik ve yazв”Ђв–’lв”Ђв–’m geliв”јЕџtirme becerilerimi kullandв”Ђв–’m.\nVeri в”њГ»n в”Ђв–‘в”јЕџleme ve Optimizasyon: Yв”њв•ќksek kaliteli veri setleri oluв”јЕџturmak iв”њДџin veri temizliв”ЂЕџi, eksik deв”ЂЕџer analizi ve aykв”Ђв–’rв”Ђв–’ deв”ЂЕџer tespiti gibi titiz veri в”њГ‚n iв”јЕџleme adв”Ђв–’mlarв”Ђв–’ gerв”њДџekleв”јЕџtirdim.\nModel Geliв”јЕџtirme ve Performans Analizi: в”Ђв–‘в”јЕџlenmiв”јЕџ veri setleri в”њв•ќzerinde denetimli в”њГ‚в”ЂЕџrenme modelleri eв”ЂЕџittim ve tahmin doв”ЂЕџruluв”ЂЕџunu optimize etmek iв”њДџin performans metriklerini analiz ettim.\nTeknik Yв”Ђв–’в”ЂЕџв”Ђв–’n: Veri manipв”њв•ќlasyonu, istatistiksel analiz ve в”њГ‚zellik mв”њв•ќhendisliв”ЂЕџi iв”њДџin Python (Pandas, Scikit-learn) ve SQL kullandв”Ђв–’m.	t	Staj deneyimindeki 'Data Science' odaklв”Ђв–’ ifadeleri daha genel 'yazв”Ђв–’lв”Ђв–’m geliв”јЕџtirme', 'performans analizi' ve 'sistem optimizasyonu' becerilerini vurgulayacak в”јЕџekilde deв”ЂЕџiв”јЕџtirmek, adayв”Ђв–’n analitik ve problem в”њДџв”њГ‚zme yeteneв”ЂЕџini Full Stack rolв”њв•ќ iв”њДџin daha uygun hale getirecektir.	2026-03-16 08:39:20.09
13	2	SKILL	Belirtilmemiв”јЕџ	JavaScript (Node.js, Express.js tecrв”њв•ќbesiyle), Python, C#, SQL	t	в”Ђв–‘в”јЕџ ilanв”Ђв–’nda Node.js ve Express.js tecrв”њв•ќbesi gв”њв•ќв”њДџlв”њв•ќ bir в”јЕџekilde arandв”Ђв–’в”ЂЕџв”Ђв–’ iв”њДџin, JavaScript'i в”њГ‚n plana в”њДџв”Ђв–’kararak parantez iв”њДџinde ilgili deneyimi belirtmek, adayв”Ђв–’n becerilerini hedeflenen role gв”њГ‚re vurgulayacaktв”Ђв–’r.	2026-03-16 08:39:20.09
14	2	SKILL	Belirtilmemiв”јЕџ	Pandas, NumPy, Scikit-learn, Sequelize ORM (в”Ђв–‘liв”јЕџkisel veritabanв”Ђв–’ ORM tecrв”њв•ќbesi, NoSQL veritabanlarв”Ђв–’na hв”Ђв–’zlв”Ђв–’ adaptasyon yeteneв”ЂЕџi)	t	в”Ђв–‘в”јЕџ ilanв”Ђв–’nda MongoDB gibi NoSQL veritabanlarв”Ђв–’ beklendiв”ЂЕџi iв”њДџin, Sequelize ORM tecrв”њв•ќbesini genel bir ORM bilgisi olarak sunup NoSQL teknolojilerine adaptasyon yeteneв”ЂЕџini belirtmek, adayв”Ђв–’n esnekliв”ЂЕџini ve в”њГ‚в”ЂЕџrenme aв”њДџв”Ђв–’klв”Ђв–’в”ЂЕџв”Ђв–’nв”Ђв–’ gв”њГ‚sterecektir.	2026-03-16 08:39:20.09
15	2	SKILL	Belirtilmemiв”јЕџ	Makine в”њГ»в”ЂЕџrenimi, Derin в”њГ»в”ЂЕџrenme, Veri Madenciliв”ЂЕџi, Doв”ЂЕџal Dil в”Ђв–‘в”јЕџleme, Zaman Serisi Analizi, Tahminsel Modelleme (Karmaв”јЕџв”Ђв–’k algoritmik problemler в”њДџв”њГ‚zme ve veri odaklв”Ђв–’ kararlar alma yeteneв”ЂЕџi)	t	Adayв”Ђв–’n Data Science & AI alanв”Ђв–’ndaki gв”њв•ќв”њДџlв”њв•ќ becerileri, bu rol iв”њДџin doв”ЂЕџrudan temel olmasa da, karmaв”јЕџв”Ђв–’k problemleri в”њДџв”њГ‚zme ve algoritmik dв”њв•ќв”јЕџв”њв•ќnme yeteneв”ЂЕџini gв”њГ‚sterir. Bu becerileri daha genel bir 'problem в”њДџв”њГ‚zme' yeteneв”ЂЕџi olarak vurgulamak, adayв”Ђв–’n analitik kapasitesini Full Stack rolв”њв•ќne uygun hale getirecektir.	2026-03-16 08:39:20.09
16	2	SKILL	Belirtilmemiв”јЕџ	HTML5, CSS3, JavaScript, EJS, Bootstrap 5, Responsive Design, ReactJS (temel dв”њв•ќzeyde), Hazв”Ђв–’r Yв”њГ‚netim Paneli в”јЕћablonlarв”Ђв–’ (Shadcn benzeri)	t	в”Ђв–‘в”јЕџ ilanв”Ђв–’nda ReactJS ve hazв”Ђв–’r yв”њГ‚netim paneli в”јЕџablonlarв”Ђв–’ (Shadcn gibi) bilgisi beklendiв”ЂЕџi iв”њДџin, adayв”Ђв–’n bu alanlardaki mevcut veya geliв”јЕџtirilmeye aв”њДџв”Ђв–’k yetkinliв”ЂЕџini aв”њДџв”Ђв–’kв”њДџa belirtmek в”њГ‚nemlidir.	2026-03-16 08:39:20.09
17	2	SKILL	Belirtilmemiв”јЕџ	MySQL, в”Ђв–‘liв”јЕџkisel Veritabanв”Ђв–’ Tasarв”Ђв–’mв”Ђв–’, Sequelize ORM (MongoDB, Redis, Elasticsearch gibi NoSQL ve mesaj kuyruk sistemlerine adaptasyon yeteneв”ЂЕџi)	t	в”Ђв–‘в”јЕџ ilanв”Ђв–’nda MongoDB, Redis ve Elasticsearch gibi spesifik veritabanв”Ђв–’ ve cache teknolojileri beklendiв”ЂЕџinden, mevcut veritabanв”Ђв–’ bilgisini bu teknolojilere adaptasyon yeteneв”ЂЕџi ile birlikte sunmak adayв”Ђв–’ в”њГ‚ne в”њДџв”Ђв–’karacaktв”Ђв–’r.	2026-03-16 08:39:20.09
18	2	PROJECT	Uв”њДџuв”јЕџ Gecikmesi Tahmini: Topluluk ML ve Zaman Serisi Tahmini (Python, Flask ile Web Daв”ЂЕџв”Ђв–’tв”Ђв–’mв”Ђв–’)	Geniв”јЕџ в”њГ»lв”њДџekli Veri Boru Hattв”Ђв–’: Havacв”Ђв–’lв”Ђв–’k operasyonlarв”Ђв–’ в”њв•ќzerindeki hava durumu etkisini analiz etmek iв”њДџin 454.000'den fazla uв”њДџuв”јЕџ kaydв”Ђв–’nв”Ђв–’ gerв”њДџek zamanlв”Ђв–’ meteorolojik verilerle (Meteostat API kullanarak) entegre ettim.\nYв”њв•ќksek Doв”ЂЕџruluklu Regresyon Modelleri: Ensemble modeller (XGBoost, Random Forest, LightGBM) geliв”јЕџtirdim ve kв”Ђв–’yasladв”Ђв–’m. RandomizedSearchCV ile RMSE ve MAE'yi optimize ederek XGBoost ile %91.9 Rв”¬в–“ skoru elde ettim.\nSon Teknoloji Zaman Serisi Modellemesi: Karmaв”јЕџв”Ђв–’k zamansal baв”ЂЕџв”Ђв–’mlв”Ђв–’lв”Ђв–’klarв”Ђв–’ ve mevsimselliв”ЂЕџi yakalamak iв”њДџin TimesFM, TimeLLM (GPT-2 tabanlв”Ђв–’) ve Temporal Fusion Transformers (TFT) dahil olmak в”њв•ќzere geliв”јЕџmiв”јЕџ Derin в”њГ»в”ЂЕџrenme mimarilerini uyguladв”Ђв–’m.\nв”њГ»zellik Mв”њв•ќhendisliв”ЂЕџi: Modelin saв”ЂЕџlamlв”Ђв–’в”ЂЕџв”Ђв–’nв”Ђв–’ artв”Ђв–’rmak iв”њДџin IQR aykв”Ђв–’rв”Ђв–’ deв”ЂЕџer tespiti, gecikme в”њГ‚zellikleri, hareketli ortalamalar ve dв”њГ‚ngв”њв•ќsel tarih kodlamasв”Ђв–’ gibi geliв”јЕџmiв”јЕџ в”њГ‚n iв”јЕџleme teknikleri uyguladв”Ђв–’m.\nWeb Daв”ЂЕџв”Ђв–’tв”Ђв–’mв”Ђв–’ ve в”њВЈretim Ortamв”Ђв–’ Yeteneв”ЂЕџi: Tahmin motorunu Flask kullanarak kullanв”Ђв–’cв”Ђв–’ dostu bir web uygulamasв”Ђв–’ olarak daв”ЂЕџв”Ђв–’ttв”Ђв–’m, dinamik, dakikaya dayalв”Ђв–’ gecikme tahminleri saв”ЂЕџladв”Ђв–’m. Bu deneyim, canlв”Ђв–’ bir sistemi yв”њГ‚netme ve daв”ЂЕџв”Ђв–’tma yetkinliв”ЂЕџimi gв”њГ‚stermektedir.	t	Bu projenin bв”њв•ќyв”њв•ќk в”њГ‚lв”њДџв”њв•ќde Veri Bilimi odaklв”Ђв–’ olmasв”Ђв–’na raв”ЂЕџmen, 'Web Daв”ЂЕџв”Ђв–’tв”Ђв–’mв”Ђв–’' kв”Ђв–’smв”Ђв–’ adayв”Ђв–’n sistem daв”ЂЕџв”Ђв–’tв”Ђв–’mв”Ђв–’ ve potansiyel в”њв•ќretim ortamв”Ђв–’ yв”њГ‚netimi yeteneklerini gв”њГ‚sterir. Bu kв”Ђв–’smв”Ђв–’ daha fazla vurgulamak, iв”јЕџ ilanв”Ђв–’ndaki 'Server konfigв”њв•ќrasyonu, deployment sв”њв•ќreв”њДџleri' gibi beklentilerle uyum saв”ЂЕџlayacaktв”Ђв–’r. Baв”јЕџlв”Ђв–’kta Flask ile Web Daв”ЂЕџв”Ђв–’tв”Ђв–’mв”Ђв–’ eklemek de bu vurguyu artв”Ђв–’rв”Ђв–’r.	2026-03-16 08:39:20.09
19	2	PROJECT	Belirtilmemiв”јЕџ	Uв”њДџtan Uca Mimari: Node.js ve Express kullanarak kapsamlв”Ђв–’, в”њГ‚lв”њДџeklenebilir ve modв”њв•ќler bir MVC yapв”Ђв–’sв”Ђв–’na sahip в”њГ»в”ЂЕџrenim Yв”њГ‚netim Sistemi (LMS) geliв”јЕџtirdim. Bu proje, temiz, okunabilir ve sв”њв•ќrdв”њв•ќrв”њв•ќlebilir kod yazma prensiplerini yansв”Ђв–’tmaktadв”Ђв–’r.\nGв”њв•ќvenlik ve в”Ђв–‘в”јЕџ Mantв”Ђв–’в”ЂЕџв”Ђв–’: Rol Tabanlв”Ђв–’ Eriв”јЕџim Kontrolв”њв•ќ (RBAC) gibi saв”ЂЕџlam gв”њв•ќvenlik в”њГ‚zelliklerini tasarladв”Ђв–’m ve в”њДџakв”Ђв–’в”јЕџmasв”Ђв–’z randevu planlama algoritmasв”Ђв–’ oluв”јЕџturdum. Bu, sistem gв”њв•ќvenliв”ЂЕџi ve karmaв”јЕџв”Ђв–’k iв”јЕџ mantв”Ђв–’в”ЂЕџв”Ђв–’ geliв”јЕџtirmedeki yetkinliв”ЂЕџimi gв”њГ‚stermektedir.\nVeritabanв”Ђв–’ Yв”њГ‚netimi ve API Entegrasyonu: MySQL ve Sequelize ORM kullanarak kaynak paylaв”јЕџв”Ђв–’mв”Ђв–’, в”њГ‚dev teslimleri ve kullanв”Ђв–’cв”Ђв–’ verilerini verimli bir в”јЕџekilde yв”њГ‚netmek iв”њДџin karmaв”јЕџв”Ђв–’k iliв”јЕџkisel в”јЕџemalar oluв”јЕџturdum. Mevcut frontend mimarisine uygun API entegrasyonlarв”Ђв–’nв”Ђв–’ baв”јЕџarв”Ђв–’yla gerв”њДџekleв”јЕџtirdim.	t	Bu proje, adayв”Ђв–’n Full Stack geliв”јЕџtirme yeteneklerini en iyi yansв”Ђв–’tan projedir. в”Ђв–‘в”јЕџ ilanв”Ђв–’ndaki Node.js, Express, veritabanв”Ђв–’ yв”њГ‚netimi, в”њГ‚lв”њДџeklenebilirlik (MVC ile vurgulandв”Ђв–’), gв”њв•ќvenlik, API entegrasyonu ve temiz kod gibi anahtar kelimelerle daha gв”њв•ќв”њДџlв”њв•ќ bir uyum saв”ЂЕџlamasв”Ђв–’ iв”њДџin aв”њДџв”Ђв–’klamalarв”Ђв–’n yeniden dв”њв•ќzenlenmesi gerekmektedir. в”њГ»zellikle 'API entegrasyonu' ve 'temiz kod' ifadelerinin eklenmesi doв”ЂЕџrudan ilandaki beklentilerle eв”јЕџleв”јЕџir.	2026-03-16 08:39:20.09
20	3	EXPERIENCE	Belirtilmemiв”јЕџ	End-to-End ML Development: Practicus AI platformunu kullanarak ham veri alв”Ђв–’mв”Ђв–’ndan model eв”ЂЕџitimine ve *в”њв•ќretim sistemlerine entegrasyona* kadar tam veri bilimi yaв”јЕџam dв”њГ‚ngв”њв•ќsв”њв•ќnв”њв•ќ yв”њГ‚nettim. Data Preprocessing: Makine в”њГ‚в”ЂЕџrenimi gв”њГ‚revleri iв”њДџin yв”њв•ќksek kaliteli veri setleri hazв”Ђв–’rlamak amacв”Ђв–’yla titiz veri temizleme, eksik deв”ЂЕџer analizi ve aykв”Ђв–’rв”Ђв–’ deв”ЂЕџer tespiti yaptв”Ђв–’m. Model Training & Evaluation: в”Ђв–‘в”јЕџlenmiв”јЕџ veri setleri в”њв•ќzerinde denetimli в”њГ‚в”ЂЕџrenme modellerini eв”ЂЕџittim ve *performans, в”њГ‚lв”њДџeklenebilirlik ve gв”њв•ќvenilirliв”ЂЕџi optimize etmek* iв”њДџin analiz ettim. *Data Pipelines & API Integration: Karmaв”јЕџв”Ђв–’k veri setlerini analiz etmek ve ML modellerini entegre etmek iв”њДџin veri iв”јЕџlem hatlarв”Ђв–’ oluв”јЕџturdum ve API entegrasyonlarв”Ђв–’ gerв”њДџekleв”јЕџtirdim*. Technical Stack: Veri manipв”њв•ќlasyonu, istatistiksel analiz ve в”њГ‚zellik mв”њв•ќhendisliв”ЂЕџi iв”њДџin Python (Pandas, Scikit-learn) ve SQL kullandв”Ђв–’m. *Uzak (Remote) bir ortamda baв”јЕџarв”Ђв–’lв”Ђв–’ bir в”јЕџekilde в”њДџalв”Ђв–’в”јЕџtв”Ђв–’m.*	t	Staj deneyiminde 'uв”њДџtan uca ML geliв”јЕџtirme' ifadesi, iв”јЕџ ilanв”Ђв–’ndaki 'modelleri tasarlama, geliв”јЕџtirme ve daв”ЂЕџв”Ђв–’tma' sorumluluklarв”Ђв–’yla doв”ЂЕџrudan iliв”јЕџkilendirilmelidir. Veri в”њГ‚n iв”јЕџleme ve model eв”ЂЕџitimi sв”њв•ќreв”њДџlerine ek olarak, modellerin в”њв•ќretim ortamlarв”Ђв–’na entegrasyonu, performans, в”њГ‚lв”њДџeklenebilirlik ve gв”њв•ќvenilirliв”ЂЕџi optimize etme gibi pratik uygulamalar vurgulanmalв”Ђв–’dв”Ђв–’r. Ayrв”Ђв–’ca, 'data pipelines' ve 'API integration' anahtar kelimelerinin eklenmesi ve uzaktan в”њДџalв”Ђв–’в”јЕџma deneyiminin belirtilmesi adayв”Ђв–’n profilini gв”њв•ќв”њДџlendirecektir.	2026-03-16 12:22:40.097
21	3	SKILL	Belirtilmemiв”јЕџ	Python, C#, JavaScript, SQL, *Version Control Systems (Git)*	t	в”Ђв–‘в”јЕџ ilanв”Ђв–’nda aв”њДџв”Ђв–’kв”њДџa belirtilen 'versiyon kontrol sistemleri' yeteneв”ЂЕџinin CV'de doв”ЂЕџrudan yer almasв”Ђв–’, adayв”Ђв–’n bu kritere uygunluв”ЂЕџunu gв”њГ‚sterecektir. Bu beceri, genel programlama becerileri arasв”Ђв–’na eklenebilir.	2026-03-16 12:22:40.097
22	3	SKILL	Belirtilmemiв”јЕџ	Node.js, Express.js, *JSON Data Structures, RESTful API Development*	t	в”Ђв–‘в”јЕџ ilanв”Ђв–’ndaki 'JSON veri yapв”Ђв–’larв”Ђв–’' ve 'API geliв”јЕџtirme' gereksinimlerini doв”ЂЕџrudan karв”јЕџв”Ђв–’lamak iв”њДџin Backend Development bв”њГ‚lв”њв•ќmв”њв•ќne bu anahtar kelimeler eklenmelidir. Node.js ve Express.js ile в”њДџalв”Ђв–’в”јЕџmak genellikle RESTful API'ler ve JSON ile в”њДџalв”Ђв–’в”јЕџmayв”Ђв–’ iв”њДџerir, bu nedenle bu eklemeler deneyimi daha net ifade edecektir.	2026-03-16 12:22:40.097
23	3	PROJECT	Belirtilmemiв”јЕџ	Large-Scale Data Pipeline: 454.000'den fazla uв”њДџuв”јЕџ kaydв”Ђв–’nв”Ђв–’ gerв”њДџek zamanlв”Ђв–’ meteorolojik verilerle (Meteostat API kullanarak) entegre ederek havacв”Ђв–’lв”Ђв–’k operasyonlarв”Ђв–’ в”њв•ќzerindeki hava etkisi analizini gerв”њДџekleв”јЕџtirdim, *bв”њГ‚ylece saв”ЂЕџlam veri iв”јЕџleme ve API entegrasyonu yeteneklerimi sergiledim.* High-Accuracy Regression Models: Ensemble modelleri (XGBoost, Random Forest, LightGBM) geliв”јЕџtirip kв”Ђв–’yasladв”Ђв–’m. XGBoost ile %91.9 Rв”¬в–“ skoru elde ettim ve RMSE ile MAE'yi RandomizedSearchCV aracв”Ђв–’lв”Ђв–’в”ЂЕџв”Ђв–’yla optimize ettim, *modellerin performansв”Ђв–’nв”Ђв–’ ve gв”њв•ќvenilirliв”ЂЕџini vurguladв”Ђв–’m.* State-of-the-Art Time Series Modeling: TimesFM, TimeLLM (GPT-2 tabanlв”Ђв–’) ve Temporal Fusion Transformers (TFT) gibi geliв”јЕџmiв”јЕџ Derin в”њГ»в”ЂЕџrenme mimarilerini uygulayarak karmaв”јЕџв”Ђв–’k zamansal baв”ЂЕџв”Ђв–’mlв”Ђв–’lв”Ђв–’klarв”Ђв–’ ve mevsimselliв”ЂЕџi yakaladв”Ђв–’m. Feature Engineering: Modelin saв”ЂЕџlamlв”Ђв–’в”ЂЕџв”Ђв–’nв”Ђв–’ artв”Ђв–’rmak iв”њДџin IQR aykв”Ђв–’rв”Ђв–’ deв”ЂЕџer tespiti, gecikmeli в”њГ‚zellikler, yuvarlanan ortalamalar ve dв”њГ‚ngв”њв•ќsel tarih kodlamasв”Ђв–’ gibi geliв”јЕџmiв”јЕџ в”њГ‚n iв”јЕџleme teknikleri uyguladв”Ђв–’m. Web Deployment: Tahmin motorunu Flask kullanarak kullanв”Ђв–’cв”Ђв–’ dostu bir web uygulamasв”Ђв–’ olarak *в”њв•ќretim ortamв”Ђв–’na daв”ЂЕџв”Ђв–’ttв”Ђв–’m*, dinamik, dakika bazlв”Ђв–’ gecikme tahminleri saв”ЂЕџlayarak *uygulamalв”Ђв–’ AI mв”њв•ќhendisliв”ЂЕџi becerilerimi gв”њГ‚sterdim*.	t	Projenin 'veri iв”јЕџlem hattв”Ђв–’' ve 'API entegrasyonu' yв”њГ‚nleri ile 'web daв”ЂЕџв”Ђв–’tв”Ђв–’mв”Ђв–’' (deployment) kв”Ђв–’sв”Ђв–’mlarв”Ђв–’, iв”јЕџ ilanв”Ђв–’ndaki 'API'ler ve veri hatlarв”Ђв–’ geliв”јЕџtirme' ve 'modelleri в”њв•ќretim sistemlerine entegre etme' beklentileriyle daha gв”њв•ќв”њДџlв”њв•ќ bir в”јЕџekilde eв”јЕџleв”јЕџtirilmelidir. 'Model optimizasyonu' ve 'performans/gв”њв•ќvenilirlik' ifadeleri de eklenmelidir.	2026-03-16 12:22:40.097
24	3	PROJECT	Belirtilmemiв”јЕџ	End-to-End NLP Pipeline: Transfer в”њГ»в”ЂЕџrenimi tekniklerini kullanarak Tв”њв•ќrkв”њДџe в”јЕџarkв”Ђв–’ sв”њГ‚zleri iв”њДџin в”њГ‚zel olarak в”њДџok sв”Ђв–’nв”Ђв–’flв”Ђв–’ bir duygu sв”Ђв–’nв”Ђв–’flandв”Ђв–’rma sistemi oluв”јЕџturdum. Automated Data Engineering: Ham web kazв”Ђв–’nmв”Ђв–’в”јЕџ verileri otomatik olarak etiketlemek iв”њДџin Zero-Shot в”њГ»в”ЂЕџrenmeyi (Pseudo-Labeling) uyguladв”Ђв–’m ve manuel etiketleme olmadan yв”њв•ќksek kaliteli bir eв”ЂЕџitim veri seti oluв”јЕџturdum. Model Deployment: в”њГ»nceden eв”ЂЕџitilmiв”јЕџ bir BERT mimarisini Tв”њв•ќrkв”њДџe dilindeki anlamsal incelikleri yakalamak iв”њДџin ince ayar yaptв”Ђв–’m ve modeli Flask kullanarak *gerв”њДџek zamanlв”Ђв–’ bir RESTful API olarak baв”јЕџarв”Ђв–’yla daв”ЂЕџв”Ђв–’ttв”Ђв–’m*, *API geliв”јЕџtirme ve ML modellerini в”њв•ќretim sistemlerine entegrasyon konusundaki uzmanlв”Ђв–’в”ЂЕџв”Ђв–’mв”Ђв–’ kanв”Ђв–’tladв”Ђв–’m*.	t	Bu projedeki 'gerв”њДџek zamanlв”Ђв–’ RESTful API olarak daв”ЂЕџв”Ђв–’tв”Ђв–’m' kв”Ђв–’smв”Ђв–’, iв”јЕџ ilanв”Ђв–’ndaki 'API geliв”јЕџtirme' ve 'makine в”њГ‚в”ЂЕџrenimi modellerini в”њв•ќretim sistemlerine entegre etme' beklentileriyle daha gв”њв•ќв”њДџlв”њв•ќ bir в”јЕџekilde iliв”јЕџkilendirilmelidir.	2026-03-16 12:22:40.097
25	3	PROJECT	Belirtilmemiв”јЕџ	Hybrid Detection Engine: Derin в”њГ»в”ЂЕџrenmeyi (XLM-RoBERTa) kural tabanlв”Ђв–’ в”њГ‚zellik в”њДџв”Ђв–’karma (URL analizi, IP kullanв”Ђв–’mв”Ђв–’ ve в”јЕџв”њв•ќpheli desenler) ile birleв”јЕџtiren bir kimlik avв”Ђв–’ tespit sistemi geliв”јЕџtirdim. Advanced Classification: Modelin hem ikili sв”Ђв–’nв”Ђв–’flandв”Ђв–’rma (Gв”њв•ќvenli vs. Kimlik Avв”Ђв–’) hem de kв”њГ‚tв”њв•ќ amaв”њДџlв”Ђв–’ iв”њДџerik iв”њДџin ince taneli kategori tahmini yapmasв”Ђв–’nв”Ђв–’ tasarladв”Ђв–’m. Interactive Interface: Kullanв”Ђв–’cв”Ђв–’lara tespit edilen gв”њв•ќvenlik tehditleri iв”њДџin insan tarafв”Ђв–’ndan okunabilir aв”њДџв”Ђв–’klamalar saв”ЂЕџlamak в”њв•ќzere isteв”ЂЕџe baв”ЂЕџlв”Ђв–’ bir Mistral LLM ile entegre, etkileв”јЕџimli bir web arayв”њв•ќzв”њв•ќ uyguladв”Ђв–’m, *bв”њГ‚ylece AI в”њДџв”њГ‚zв”њв•ќmlerini gerв”њДџek dв”њв•ќnya problemlerine uygulamadaki ve daв”ЂЕџв”Ђв–’tв”Ђв–’mdaki yeteneв”ЂЕџimi gв”њГ‚sterdim ve в”њГ‚lв”њДџeklenebilirliв”ЂЕџi gв”њГ‚z в”њГ‚nв”њв•ќnde bulundurdum*.	t	Projenin 'etkileв”јЕџimli web arayв”њв•ќzв”њв•ќ' aracв”Ђв–’lв”Ђв–’в”ЂЕџв”Ђв–’yla modelin kullanв”Ђв–’mв”Ђв–’nв”Ђв–’ ve iв”јЕџlevselliв”ЂЕџini vurgulamak, adayв”Ђв–’n AI в”њДџв”њГ‚zв”њв•ќmlerini gerв”њДџek dв”њв•ќnya problemlerine uygulama ve daв”ЂЕџв”Ђв–’tma yeteneв”ЂЕџini gв”њГ‚sterir. 'в”њГ»lв”њДџeklenebilirlik' gibi anahtar kelimelerin eklenmesi de faydalв”Ђв–’ olacaktв”Ђв–’r.	2026-03-16 12:22:40.097
40	9	EXPERIENCE	Belirtilmemiв”јЕџ	Endв”њв•ќstriyel tesis projelerinde liderlik ederek, mekanik tasarв”Ђв–’m, uygulama ve devreye alma sв”њв•ќreв”њДџlerinin zamanв”Ђв–’nda ve bв”њв•ќtв”њДџe dahilinde tamamlanmasв”Ђв–’nв”Ђв–’ saв”ЂЕџlama. в”њВЈretim veya saha operasyonlarв”Ђв–’nв”Ђв–’n verimliliв”ЂЕџini artв”Ђв–’rmak amacв”Ђв–’yla detaylв”Ђв–’ analizler yapma ve iyileв”јЕџtirme projeleri yв”њв•ќrв”њв•ќtme. Mв”њв•ќв”јЕџteri ve diв”ЂЕџer disiplinlerle sв”њв•ќrekli koordinasyon iв”њДџinde, saha taleplerine uygun mв”њв•ќhendislik в”њДџв”њГ‚zв”њв•ќmleri geliв”јЕџtirme.	t	Adayв”Ђв–’n 'proje liderliв”ЂЕџi' deneyimini, iв”јЕџ ilanв”Ђв–’nda belirtilen 'saha koordinasyonu', 'iв”јЕџ takibi' ve 'sonuв”њДџ odaklв”Ђв–’lв”Ђв–’k' anahtar kelimeleriyle baв”ЂЕџlamak. 'в”њВЈretim sв”њв•ќreв”њДџleri' yerine 'saha operasyonlarв”Ђв–’' ifadesini kullanarak deneyimi ilana daha uygun hale getirmek.	2026-03-18 10:55:58.202
41	9	EXPERIENCE	Belirtilmemiв”јЕџ	Kapsamlв”Ђв–’ proje yв”њГ‚netimi ve planlama sв”њв•ќreв”њДџlerini baв”јЕџarв”Ђв–’yla yв”њв•ќrв”њв•ќtme, iв”јЕџ programlarв”Ђв–’na gв”њГ‚re saha aktivitelerinin koordinasyonunu saв”ЂЕџlama. в”њВЈretim veya kurulum hatlarв”Ђв–’nda ortaya в”њДџв”Ђв–’kan teknik sorunlara yerinde mв”њв•ќdahale ederek hв”Ђв–’zlв”Ђв–’ ve kalв”Ђв–’cв”Ђв–’ в”њДџв”њГ‚zв”њв•ќmler sunma, operasyonel destek saв”ЂЕџlama. Yeni в”њв•ќrв”њв•ќn ve sistemlerin tasarв”Ђв–’mв”Ђв–’, geliв”јЕџtirilmesi ve sahada uygulanmasв”Ђв–’ aв”јЕџamalarв”Ђв–’nda mв”њв•ќhendislik в”њДџв”њГ‚zв”њв•ќmleri sunma.	t	Adayв”Ђв–’n 'proje yв”њГ‚netimi' ve 'sorun giderme' tecrв”њв•ќbesini, 'saha aktiviteleri' ve 'yerinde mв”њв•ќdahale' ifadeleriyle iв”јЕџ ilanв”Ђв–’ndaki 'в”јЕџantiye sevk ve idaresi' ve 'problem в”њДџв”њГ‚zme' yetkinlikleriyle doв”ЂЕџrudan iliв”јЕџkilendirmek.	2026-03-18 10:55:58.202
42	9	SKILL	Belirtilmemiв”јЕџ	CAD Yazв”Ђв–’lв”Ђв–’mlarв”Ђв–’: AutoCAD (Etkin dв”њв•ќzeyde kullanв”Ђв–’m deneyimi)	t	в”Ђв–‘в”јЕџ ilanв”Ђв–’nda 'AutoCAD programlarв”Ђв–’nв”Ђв–’ etkin dв”њв•ќzeyde kullanabilen' ifadesi geв”њДџtiв”ЂЕџi iв”њДџin, adayв”Ђв–’n yetkinliв”ЂЕџini bu ifadeyle uyumlu hale getirerek ATS eв”јЕџleв”јЕџmesini artв”Ђв–’rmak.	2026-03-18 10:55:58.202
43	9	SKILL	Belirtilmemiв”јЕџ	Veri Analizi ve Ofis Yazв”Ђв–’lв”Ђв–’mlarв”Ђв–’: Microsoft Office (Excel, Word, PowerPoint) (в”Ђв–‘leri)	t	в”Ђв–‘в”јЕџ ilanв”Ђв–’nda genel 'MsOffice' becerisi talep edildiв”ЂЕџi iв”њДџin, adayв”Ђв–’n Excel bilgisini MsOffice paketi olarak geniв”јЕџletmek ve diв”ЂЕџer temel programlarв”Ђв–’ da belirtmek, etkin kullanв”Ђв–’m vurgusunu gв”њв•ќв”њДџlendirerek ATS eв”јЕџleв”јЕџmesini artв”Ђв–’rmak.	2026-03-18 10:55:58.202
44	9	SKILL	Belirtilmemiв”јЕџ	Proje Yв”њГ‚netimi: Proje planlamasв”Ђв–’, iв”јЕџ takibi, koordinasyon ve sonuв”њДџ odaklв”Ђв–’ yв”њГ‚netim (в”Ђв–‘leri)	t	в”Ђв–‘в”јЕџ ilanв”Ђв–’nda в”њГ‚zellikle belirtilen 'planlama', 'iв”јЕџ takibi' ve 'koordinasyon' becerilerini doв”ЂЕџrudan adayв”Ђв–’n 'Proje Yв”њГ‚netimi' yeteneв”ЂЕџinin tanв”Ђв–’mв”Ђв–’na ekleyerek ATS eв”јЕџleв”јЕџmesini artв”Ђв–’rmak.	2026-03-18 10:55:58.202
\.


--
-- Data for Name: Task; Type: TABLE DATA; Schema: public; Owner: sude
--

COPY public."Task" (id, title, "isCompleted", "userId") FROM stdin;
\.


--
-- Data for Name: UpgradeRequest; Type: TABLE DATA; Schema: public; Owner: sude
--

COPY public."UpgradeRequest" (id, status, "adminNote", "createdAt", "updatedAt", "userId") FROM stdin;
1	APPROVED	\N	2026-03-05 07:44:04.549	2026-03-05 07:44:20.812	4
\.


--
-- Data for Name: User; Type: TABLE DATA; Schema: public; Owner: sude
--

COPY public."User" (id, email, password, name, username, age, address, role, "createdAt", "isEmailVerified", "emailVerificationToken", "resetPasswordToken", "resetPasswordExpires", "isPrivate") FROM stdin;
3	sudis.meydan@gmail.com	$2b$10$qjiUEQooGZnLtfU0ORmQROkZIe0shWwPoU.wvO844NDVrMdZVrLJu	Meydan	Sude	22	Ankara	SUPERADMIN	2026-03-04 13:04:39.332	t	\N	\N	\N	f
4	sude.meydan35@gmail.com	$2b$10$a0WBrnsNWADkKQnLD9GzuOGmT5JvMcZzPwo4ntNG7SVjeGXlqWal2	kullanв”Ђв–’cв”Ђв–’1	kullanв”Ђв–’cв”Ђв–’1	22	в”Ђв–‘stanbul	PRO_USER	2026-03-05 07:43:38.158	t	\N	\N	\N	f
\.


--
-- Name: AtsFormattedCV_id_seq; Type: SEQUENCE SET; Schema: public; Owner: sude
--

SELECT pg_catalog.setval('public."AtsFormattedCV_id_seq"', 1, true);


--
-- Name: Block_id_seq; Type: SEQUENCE SET; Schema: public; Owner: sude
--

SELECT pg_catalog.setval('public."Block_id_seq"', 1, false);


--
-- Name: CVEntry_id_seq; Type: SEQUENCE SET; Schema: public; Owner: sude
--

SELECT pg_catalog.setval('public."CVEntry_id_seq"', 55, true);


--
-- Name: CV_id_seq; Type: SEQUENCE SET; Schema: public; Owner: sude
--

SELECT pg_catalog.setval('public."CV_id_seq"', 21, true);


--
-- Name: Connection_id_seq; Type: SEQUENCE SET; Schema: public; Owner: sude
--

SELECT pg_catalog.setval('public."Connection_id_seq"', 1, true);


--
-- Name: JobPosting_id_seq; Type: SEQUENCE SET; Schema: public; Owner: sude
--

SELECT pg_catalog.setval('public."JobPosting_id_seq"', 8, true);


--
-- Name: PostImage_id_seq; Type: SEQUENCE SET; Schema: public; Owner: sude
--

SELECT pg_catalog.setval('public."PostImage_id_seq"', 1, true);


--
-- Name: Post_id_seq; Type: SEQUENCE SET; Schema: public; Owner: sude
--

SELECT pg_catalog.setval('public."Post_id_seq"', 2, true);


--
-- Name: ProfileImage_id_seq; Type: SEQUENCE SET; Schema: public; Owner: sude
--

SELECT pg_catalog.setval('public."ProfileImage_id_seq"', 1, false);


--
-- Name: Profile_id_seq; Type: SEQUENCE SET; Schema: public; Owner: sude
--

SELECT pg_catalog.setval('public."Profile_id_seq"', 1, false);


--
-- Name: TailoredCVEntry_id_seq; Type: SEQUENCE SET; Schema: public; Owner: sude
--

SELECT pg_catalog.setval('public."TailoredCVEntry_id_seq"', 44, true);


--
-- Name: TailoredCV_id_seq; Type: SEQUENCE SET; Schema: public; Owner: sude
--

SELECT pg_catalog.setval('public."TailoredCV_id_seq"', 9, true);


--
-- Name: Task_id_seq; Type: SEQUENCE SET; Schema: public; Owner: sude
--

SELECT pg_catalog.setval('public."Task_id_seq"', 1, false);


--
-- Name: UpgradeRequest_id_seq; Type: SEQUENCE SET; Schema: public; Owner: sude
--

SELECT pg_catalog.setval('public."UpgradeRequest_id_seq"', 1, true);


--
-- Name: User_id_seq; Type: SEQUENCE SET; Schema: public; Owner: sude
--

SELECT pg_catalog.setval('public."User_id_seq"', 4, true);


--
-- Name: AtsFormattedCV AtsFormattedCV_pkey; Type: CONSTRAINT; Schema: public; Owner: sude
--

ALTER TABLE ONLY public."AtsFormattedCV"
    ADD CONSTRAINT "AtsFormattedCV_pkey" PRIMARY KEY (id);


--
-- Name: Block Block_pkey; Type: CONSTRAINT; Schema: public; Owner: sude
--

ALTER TABLE ONLY public."Block"
    ADD CONSTRAINT "Block_pkey" PRIMARY KEY (id);


--
-- Name: CVEntry CVEntry_pkey; Type: CONSTRAINT; Schema: public; Owner: sude
--

ALTER TABLE ONLY public."CVEntry"
    ADD CONSTRAINT "CVEntry_pkey" PRIMARY KEY (id);


--
-- Name: CV CV_pkey; Type: CONSTRAINT; Schema: public; Owner: sude
--

ALTER TABLE ONLY public."CV"
    ADD CONSTRAINT "CV_pkey" PRIMARY KEY (id);


--
-- Name: Connection Connection_pkey; Type: CONSTRAINT; Schema: public; Owner: sude
--

ALTER TABLE ONLY public."Connection"
    ADD CONSTRAINT "Connection_pkey" PRIMARY KEY (id);


--
-- Name: JobPosting JobPosting_pkey; Type: CONSTRAINT; Schema: public; Owner: sude
--

ALTER TABLE ONLY public."JobPosting"
    ADD CONSTRAINT "JobPosting_pkey" PRIMARY KEY (id);


--
-- Name: PostImage PostImage_pkey; Type: CONSTRAINT; Schema: public; Owner: sude
--

ALTER TABLE ONLY public."PostImage"
    ADD CONSTRAINT "PostImage_pkey" PRIMARY KEY (id);


--
-- Name: Post Post_pkey; Type: CONSTRAINT; Schema: public; Owner: sude
--

ALTER TABLE ONLY public."Post"
    ADD CONSTRAINT "Post_pkey" PRIMARY KEY (id);


--
-- Name: ProfileImage ProfileImage_pkey; Type: CONSTRAINT; Schema: public; Owner: sude
--

ALTER TABLE ONLY public."ProfileImage"
    ADD CONSTRAINT "ProfileImage_pkey" PRIMARY KEY (id);


--
-- Name: Profile Profile_pkey; Type: CONSTRAINT; Schema: public; Owner: sude
--

ALTER TABLE ONLY public."Profile"
    ADD CONSTRAINT "Profile_pkey" PRIMARY KEY (id);


--
-- Name: TailoredCVEntry TailoredCVEntry_pkey; Type: CONSTRAINT; Schema: public; Owner: sude
--

ALTER TABLE ONLY public."TailoredCVEntry"
    ADD CONSTRAINT "TailoredCVEntry_pkey" PRIMARY KEY (id);


--
-- Name: TailoredCV TailoredCV_pkey; Type: CONSTRAINT; Schema: public; Owner: sude
--

ALTER TABLE ONLY public."TailoredCV"
    ADD CONSTRAINT "TailoredCV_pkey" PRIMARY KEY (id);


--
-- Name: Task Task_pkey; Type: CONSTRAINT; Schema: public; Owner: sude
--

ALTER TABLE ONLY public."Task"
    ADD CONSTRAINT "Task_pkey" PRIMARY KEY (id);


--
-- Name: UpgradeRequest UpgradeRequest_pkey; Type: CONSTRAINT; Schema: public; Owner: sude
--

ALTER TABLE ONLY public."UpgradeRequest"
    ADD CONSTRAINT "UpgradeRequest_pkey" PRIMARY KEY (id);


--
-- Name: User User_pkey; Type: CONSTRAINT; Schema: public; Owner: sude
--

ALTER TABLE ONLY public."User"
    ADD CONSTRAINT "User_pkey" PRIMARY KEY (id);


--
-- Name: AtsFormattedCV_cvId_key; Type: INDEX; Schema: public; Owner: sude
--

CREATE UNIQUE INDEX "AtsFormattedCV_cvId_key" ON public."AtsFormattedCV" USING btree ("cvId");


--
-- Name: Block_blockerId_blockedId_key; Type: INDEX; Schema: public; Owner: sude
--

CREATE UNIQUE INDEX "Block_blockerId_blockedId_key" ON public."Block" USING btree ("blockerId", "blockedId");


--
-- Name: Connection_senderId_receiverId_key; Type: INDEX; Schema: public; Owner: sude
--

CREATE UNIQUE INDEX "Connection_senderId_receiverId_key" ON public."Connection" USING btree ("senderId", "receiverId");


--
-- Name: ProfileImage_userId_key; Type: INDEX; Schema: public; Owner: sude
--

CREATE UNIQUE INDEX "ProfileImage_userId_key" ON public."ProfileImage" USING btree ("userId");


--
-- Name: Profile_userId_key; Type: INDEX; Schema: public; Owner: sude
--

CREATE UNIQUE INDEX "Profile_userId_key" ON public."Profile" USING btree ("userId");


--
-- Name: User_emailVerificationToken_key; Type: INDEX; Schema: public; Owner: sude
--

CREATE UNIQUE INDEX "User_emailVerificationToken_key" ON public."User" USING btree ("emailVerificationToken");


--
-- Name: User_email_key; Type: INDEX; Schema: public; Owner: sude
--

CREATE UNIQUE INDEX "User_email_key" ON public."User" USING btree (email);


--
-- Name: User_resetPasswordToken_key; Type: INDEX; Schema: public; Owner: sude
--

CREATE UNIQUE INDEX "User_resetPasswordToken_key" ON public."User" USING btree ("resetPasswordToken");


--
-- Name: User_username_key; Type: INDEX; Schema: public; Owner: sude
--

CREATE UNIQUE INDEX "User_username_key" ON public."User" USING btree (username);


--
-- Name: AtsFormattedCV AtsFormattedCV_cvId_fkey; Type: FK CONSTRAINT; Schema: public; Owner: sude
--

ALTER TABLE ONLY public."AtsFormattedCV"
    ADD CONSTRAINT "AtsFormattedCV_cvId_fkey" FOREIGN KEY ("cvId") REFERENCES public."CV"(id) ON UPDATE CASCADE ON DELETE CASCADE;


--
-- Name: Block Block_blockedId_fkey; Type: FK CONSTRAINT; Schema: public; Owner: sude
--

ALTER TABLE ONLY public."Block"
    ADD CONSTRAINT "Block_blockedId_fkey" FOREIGN KEY ("blockedId") REFERENCES public."User"(id) ON UPDATE CASCADE ON DELETE CASCADE;


--
-- Name: Block Block_blockerId_fkey; Type: FK CONSTRAINT; Schema: public; Owner: sude
--

ALTER TABLE ONLY public."Block"
    ADD CONSTRAINT "Block_blockerId_fkey" FOREIGN KEY ("blockerId") REFERENCES public."User"(id) ON UPDATE CASCADE ON DELETE CASCADE;


--
-- Name: CVEntry CVEntry_cvId_fkey; Type: FK CONSTRAINT; Schema: public; Owner: sude
--

ALTER TABLE ONLY public."CVEntry"
    ADD CONSTRAINT "CVEntry_cvId_fkey" FOREIGN KEY ("cvId") REFERENCES public."CV"(id) ON UPDATE CASCADE ON DELETE CASCADE;


--
-- Name: CV CV_userId_fkey; Type: FK CONSTRAINT; Schema: public; Owner: sude
--

ALTER TABLE ONLY public."CV"
    ADD CONSTRAINT "CV_userId_fkey" FOREIGN KEY ("userId") REFERENCES public."User"(id) ON UPDATE CASCADE ON DELETE CASCADE;


--
-- Name: Connection Connection_receiverId_fkey; Type: FK CONSTRAINT; Schema: public; Owner: sude
--

ALTER TABLE ONLY public."Connection"
    ADD CONSTRAINT "Connection_receiverId_fkey" FOREIGN KEY ("receiverId") REFERENCES public."User"(id) ON UPDATE CASCADE ON DELETE RESTRICT;


--
-- Name: Connection Connection_senderId_fkey; Type: FK CONSTRAINT; Schema: public; Owner: sude
--

ALTER TABLE ONLY public."Connection"
    ADD CONSTRAINT "Connection_senderId_fkey" FOREIGN KEY ("senderId") REFERENCES public."User"(id) ON UPDATE CASCADE ON DELETE RESTRICT;


--
-- Name: PostImage PostImage_postId_fkey; Type: FK CONSTRAINT; Schema: public; Owner: sude
--

ALTER TABLE ONLY public."PostImage"
    ADD CONSTRAINT "PostImage_postId_fkey" FOREIGN KEY ("postId") REFERENCES public."Post"(id) ON UPDATE CASCADE ON DELETE CASCADE;


--
-- Name: Post Post_authorId_fkey; Type: FK CONSTRAINT; Schema: public; Owner: sude
--

ALTER TABLE ONLY public."Post"
    ADD CONSTRAINT "Post_authorId_fkey" FOREIGN KEY ("authorId") REFERENCES public."User"(id) ON UPDATE CASCADE ON DELETE RESTRICT;


--
-- Name: ProfileImage ProfileImage_userId_fkey; Type: FK CONSTRAINT; Schema: public; Owner: sude
--

ALTER TABLE ONLY public."ProfileImage"
    ADD CONSTRAINT "ProfileImage_userId_fkey" FOREIGN KEY ("userId") REFERENCES public."User"(id) ON UPDATE CASCADE ON DELETE CASCADE;


--
-- Name: Profile Profile_userId_fkey; Type: FK CONSTRAINT; Schema: public; Owner: sude
--

ALTER TABLE ONLY public."Profile"
    ADD CONSTRAINT "Profile_userId_fkey" FOREIGN KEY ("userId") REFERENCES public."User"(id) ON UPDATE CASCADE ON DELETE RESTRICT;


--
-- Name: TailoredCVEntry TailoredCVEntry_tailoredCvId_fkey; Type: FK CONSTRAINT; Schema: public; Owner: sude
--

ALTER TABLE ONLY public."TailoredCVEntry"
    ADD CONSTRAINT "TailoredCVEntry_tailoredCvId_fkey" FOREIGN KEY ("tailoredCvId") REFERENCES public."TailoredCV"(id) ON UPDATE CASCADE ON DELETE CASCADE;


--
-- Name: TailoredCV TailoredCV_jobPostingId_fkey; Type: FK CONSTRAINT; Schema: public; Owner: sude
--

ALTER TABLE ONLY public."TailoredCV"
    ADD CONSTRAINT "TailoredCV_jobPostingId_fkey" FOREIGN KEY ("jobPostingId") REFERENCES public."JobPosting"(id) ON UPDATE CASCADE ON DELETE CASCADE;


--
-- Name: TailoredCV TailoredCV_originalCvId_fkey; Type: FK CONSTRAINT; Schema: public; Owner: sude
--

ALTER TABLE ONLY public."TailoredCV"
    ADD CONSTRAINT "TailoredCV_originalCvId_fkey" FOREIGN KEY ("originalCvId") REFERENCES public."CV"(id) ON UPDATE CASCADE ON DELETE CASCADE;


--
-- Name: TailoredCV TailoredCV_userId_fkey; Type: FK CONSTRAINT; Schema: public; Owner: sude
--

ALTER TABLE ONLY public."TailoredCV"
    ADD CONSTRAINT "TailoredCV_userId_fkey" FOREIGN KEY ("userId") REFERENCES public."User"(id) ON UPDATE CASCADE ON DELETE CASCADE;


--
-- Name: Task Task_userId_fkey; Type: FK CONSTRAINT; Schema: public; Owner: sude
--

ALTER TABLE ONLY public."Task"
    ADD CONSTRAINT "Task_userId_fkey" FOREIGN KEY ("userId") REFERENCES public."User"(id) ON UPDATE CASCADE ON DELETE RESTRICT;


--
-- Name: UpgradeRequest UpgradeRequest_userId_fkey; Type: FK CONSTRAINT; Schema: public; Owner: sude
--

ALTER TABLE ONLY public."UpgradeRequest"
    ADD CONSTRAINT "UpgradeRequest_userId_fkey" FOREIGN KEY ("userId") REFERENCES public."User"(id) ON UPDATE CASCADE ON DELETE RESTRICT;


--
-- PostgreSQL database dump complete
--

\unrestrict sprhy3idK2VRk0ETq6hW299TFw6O7LihZCIraMdJLOVOO8kqfSIbSq3KpYMHVpk

